Shot #,Player,TEAM,Opponent,Date,Art x,Art y,Outcome,Assist,Type,Play,State,Angle,Distance,x,y
1,Keane,LA,DC,42435,5.3,30.2,0,cross,header,open,-1,29.67339405,7.286288493,5.3,19.8
2,Zardes,LA,DC,42435,5,25.3,0,cross,header,open,-1,54.81616338,5.0009999,5,24.7
3,Rolfe,LA,DC,42435,8.8,32.6,0,pass,right,open,-1,19.60972778,11.49782588,8.8,17.4
4,Steres,LA,DC,42435,4.6,26.4,1,cross,header,set-piece,-1,55.62996089,4.75394573,4.6,23.6
5,Magee,LA,DC,42435,11,5.8,1,cross,right,open,0,6.755544778,22.30156945,11,44.2
7,Magee,LA,DC,42435,6.8,28.4,1,cross,header,set-piece,2,34.71382882,7.515317691,6.8,21.6
8,Gerrard,LA,DC,42435,18.5,33.5,0,pass,right,open,3,13.27529028,20.27658748,18.5,16.5
9,Neagle,DC,LA,42435,17.6,18.9,1,pass,left,open,0,15.05671021,18.69358179,17.6,31.1
10,Nyarko,DC,LA,42435,7.5,32.2,0,other,right,open,1,21.05077139,10.25914226,7.5,17.8
11,DeLeon,DC,LA,42435,12.9,11.9,0,pass,left,open,1,11.44757134,18.52835665,12.9,38.1
12,DeLeon,DC,LA,42435,15.5,24.5,0,pass,right,open,0,19.02560604,15.5157984,15.5,25.5
13,Boswell,DC,LA,42435,19.7,6.4,0,cross,header,set-piece,0,8.017462991,27.23104846,19.7,43.6
14,DeLeon,DC,LA,42435,26.4,23.8,0,pass,right,open,-1,11.2264305,26.43709515,26.4,26.2
15,Kemp,DC,LA,42435,30.7,30.8,0,other,right,open,-1,9.351774183,31.20656982,30.7,19.2
16,Acosta,DC,LA,42435,15.4,5.6,0,pass,left,open,-1,7.518426879,24.92629134,15.4,44.4
17,Salinas,SJ,CO,42435,17.4,33.1,0,pass,left,open,0,14.04780015,19.10942176,17.4,16.9
18,Wondolowski,SJ,CO,42435,9.3,23.6,1,cross,header,open,0,30.62528342,9.436630755,9.3,26.4
19,Thompson,SJ,CO,42435,8.4,30.9,0,pass,left,open,1,23.891288,10.15135459,8.4,19.1
20,Cronin,CO,SJ,42435,6.5,14,0,pass,right,open,0,12.18798955,12.94951737,6.5,36
21,Doyle,CO,SJ,42435,18.2,19.5,0,pass,right,open,-1,14.93825305,19.07170679,18.2,30.5
22,Badji,CO,SJ,42435,6.8,15.2,0,pass,right,open,-1,14.62362767,12.09297317,6.8,34.8
23,Miller,CO,SJ,42435,18.2,38.6,0,pass,left,open,-1,10.52401477,22.60088494,18.2,11.4
24,Badji,CO,SJ,42435,7.2,34.4,0,other,left,open,-1,15.67282051,11.68246549,7.2,15.6
25,K. Kamara,COL,POR,42435,14.7,32.7,0,pass,header,open,0,15.88452751,16.50272705,14.7,17.3
26,Jimenez,COL,POR,42435,15.8,21.8,0,pass,right,open,-1,17.98286678,16.16168308,15.8,28.2
27,K. Kamara,COL,POR,42435,1.1,27.9,0,pass,right,open,-1,63.43494882,2.915475947,1.1,22.1
28,Higuain,COL,POR,42435,7.6,18.3,1,other,right,open,-1,22.3984647,10.26498904,7.6,31.7
29,Afful,COL,POR,42435,3.2,15.9,0,pass,right,open,0,10.9148307,9.835141077,3.2,34.1
30,Valeri,POR,COL,42435,14.1,44.5,1,self,right,set-piece,0,7.300657887,23.90188277,14.1,5.5
31,Taylor,POR,COL,42435,5.6,23.2,0,cross,header,set-piece,1,46.28732894,5.946427499,5.6,26.8
32,Asprilla,POR,COL,42435,8.3,32.1,0,pass,right,open,1,20.98222271,10.79351657,8.3,17.9
33,Valeri,POR,COL,42435,8,19,0,other,right,open,1,24.04453864,10.12126474,8,31
34,Chara,POR,COL,42435,19.8,19.4,0,pass,right,open,1,13.88082332,20.63201396,19.8,30.6
35,Nagbe,POR,COL,42435,8.1,20.1,0,pass,right,open,1,26.94547368,9.57183368,8.1,29.9
36,Melano,POR,COL,42435,8.7,18.1,0,pass,right,open,0,21.21585846,11.22942563,8.7,31.9
37,Adi,POR,COL,42435,0.1,23.7,1,other,right,open,0,174.1324939,1.503329638,0.1,26.3
38,Asprilla,POR,COL,42435,5,35.8,0,pass,left,open,0,10.91073362,11.72006826,5,14.2
39,Hallisey,SKC,SEA,42435,8.6,32,0,pass,left,open,0,21.04940497,10.96357606,8.6,18
40,Quintilla,SKC,SEA,42435,20,18.3,0,other,left,open,0,13.35330143,21.1567956,20,31.7
41,Zusi,SKC,SEA,42435,16.8,34.2,0,self,right,set-piece,0,13.63573755,19.05885621,16.8,15.8
42,Coelho,SKC,SEA,42435,22.7,16.3,1,pass,right,open,0,11.42267105,24.38237068,22.7,33.7
43,Dempsey,SEA,SKC,42435,21.1,30.3,0,self,right,set-piece,0,13.23422222,21.70760235,21.1,19.7
44,Marshall,SEA,SKC,42435,6.8,24.9,0,cross,header,set-piece,0,41.84179205,6.80661443,6.8,25.1
45,Ivanschitz,SEA,SKC,42435,16.3,31.7,0,pass,left,open,-1,15.58809101,17.54821928,16.3,18.3
46,Shipp,MTL,VAN,42435,18.9,18.4,0,pass,left,open,0,14.00578738,20.08606482,18.9,31.6
47,Ontivero,MTL,VAN,42435,18.5,20.8,0,pass,left,open,0,15.23877998,19.01604586,18.5,29.2
48,Piatti,MTL,VAN,42435,5.4,29.6,1,self,right,open,0,32.80696552,6.965629907,5.4,20.4
49,Oduro,MTL,VAN,42435,13.2,32.7,1,pass,right,open,1,16.84030494,15.18189711,13.2,17.3
50,Jackson-Hamel,MTL,VAN,42435,8.1,32.3,0,pass,left,open,1,20.58627514,10.77125805,8.1,17.7
51,Piatti,MTL,VAN,42435,4.1,32.9,1,pass,left,open,1,16.39553353,8.723531395,4.1,17.1
52,Bolanos,VAN,MTL,42435,20,15.8,0,self,left,open,0,12.27771491,22.09886875,20,34.2
53,Rivero,VAN,MTL,42435,15.6,34.9,0,pass,right,open,0,13.62738692,18.36981219,15.6,15.1
54,Rivero,VAN,MTL,42435,9.3,31.3,0,pass,left,open,0,22.04584533,11.12205017,9.3,18.7
55,Harvey,VAN,MTL,42435,2,27.7,1,cross,header,set-piece,-2,66.46317001,3.201562119,2,22.3
56,Rivero,VAN,MTL,42435,6.7,25.5,0,cross,left,open,-1,42.23205072,6.706713055,6.7,24.5
57,Rivero,VAN,MTL,42435,7,25.8,0,cross,header,open,-1,40.32728113,7.025667228,7,24.2
58,Waston,VAN,MTL,42435,5.6,27.6,0,cross,header,set-piece,-1,42.8789036,6.092618485,5.6,22.4
59,Manneh,VAN,MTL,42435,8.7,33.2,0,self,right,open,-2,18.37812658,11.81905242,8.7,16.8
60,Waston,VAN,MTL,42435,5.3,27.7,1,cross,header,set-piece,-2,43.91907581,5.86003413,5.3,22.3
61,Conceicao,PHI,DAL,42435,0.4,17.2,0,cross,header,set-piece,0,2.196107193,8.009993758,0.4,32.8
62,Le Toux,PHI,DAL,42435,5,24.6,0,other,right,open,-2,54.71325102,5.035871325,5,25.4
63,Urruti,DAL,PHI,42435,6.5,22.2,0,pass,right,open,0,37.95636835,7.158910532,6.5,27.8
64,Castillo,DAL,PHI,42435,9,19,0,pass,right,open,0,23.00259659,10.92886087,9,31
65,Castillo,DAL,PHI,42435,12.5,35.8,0,pass,right,open,0,13.72529751,16.38932579,12.5,14.2
66,Castillo,DAL,PHI,42435,13.3,19.2,1,pass,right,open,0,18.74732885,14.59075049,13.3,30.8
67,Castillo,DAL,PHI,42435,10.9,34.7,0,pass,right,open,1,15.37405479,14.45890729,10.9,15.3
68,Figueroa,DAL,PHI,42435,7.6,31.8,0,cross,header,set-piece,1,22.11766633,10.06578363,7.6,18.2
69,Urruti,DAL,PHI,42435,18.7,33.6,0,pass,right,open,1,13.12954722,20.5,18.7,16.4
70,Harris,DAL,PHI,42435,8,23.8,0,cross,header,set-piece,1,35.33396362,8.121576202,8,26.2
71,Diaz,DAL,PHI,42435,16.9,31.3,0,pass,right,open,1,15.42331407,17.96719232,16.9,18.7
72,Urruti,DAL,PHI,42435,4,22.1,1,pass,right,open,1,49.68347329,5.060632372,4,27.9
73,Akindele,DAL,PHI,42435,10.9,18.3,0,self,right,open,2,19.85754686,12.90038759,10.9,31.7
74,Fagundez,NE,HOU,42435,22,33.1,1,other,right,open,0,11.90036001,23.37541443,22,16.9
75,Rowe,NE,HOU,42435,4.5,19,0,cross,header,set-piece,1,25.3058517,7.66093989,4.5,31
76,Davies,NE,HOU,42435,9.8,31.3,0,pass,right,open,-1,21.56049503,11.54339638,9.8,18.7
77,Davies,NE,HOU,42435,9,32.1,1,self,right,open,-1,20.57870969,11.3406349,9,17.9
78,Bunbury,NE,HOU,42435,1.9,22.5,0,pass,right,open,0,72.57995882,3.301514804,1.9,27.5
79,Tierney,NE,HOU,42435,1.2,30.7,0,pass,left,open,0,12.93453735,5.629387178,1.2,19.3
80,Kobayashi,NE,HOU,42435,7.4,22.3,1,cross,header,open,-1,34.83663227,7.947955712,7.4,27.7
81,Wenger,HOU,NE,42435,10,18.1,0,cross,header,open,-1,20.26349448,12.26417547,10,31.9
82,Maidana,HOU,NE,42435,6,25.2,1,self,right,open,-1,46.81830296,6,6,24.8
83,Wenger,HOU,NE,42435,7.5,21.4,1,pass,left,open,0,31.98476135,8.407734534,7.5,28.6
84,Barnes,HOU,NE,42435,18.4,29,1,pass,right,open,0,15.38161155,18.78829423,18.4,21
85,Manotas,HOU,NE,42435,18.5,14.7,0,pass,right,open,1,12.29008928,21.27204739,18.5,35.3
86,Martinez,RSL,OCSC,42435,2.4,17.9,0,self,left,open,0,14.17531062,7.684399781,2.4,32.1
88,Olave,RSL,OCSC,42435,12.9,20.9,0,cross,header,set-piece,1,20.81394056,13.59779394,12.9,29.1
89,Plata,RSL,OCSC,42435,4.6,29.4,1,cross,right,open,1,35.31874691,6.228964601,4.6,20.6
90,Hines,OCSC,RSL,42435,3.6,28.6,0,cross,header,set-piece,0,44.33450345,4.951767361,3.6,21.4
91,Molino,OCSC,RSL,42435,10.3,17.2,0,pass,right,open,0,18.48966232,13.0418557,10.3,32.8
92,Shea,OCSC,RSL,42435,18.2,14.2,0,self,left,set-piece,0,12.10894886,21.2659352,18.2,35.8
93,Larin,OCSC,RSL,42435,8.3,25.5,0,cross,header,set-piece,0,34.67891134,8.305419917,8.3,24.5
94,Ribeiro,OCSC,RSL,42435,6.6,30.9,0,cross,left,open,-2,25.60666099,8.720665112,6.6,19.1
95,Larin,OCSC,RSL,42435,9.1,28.6,1,pass,right,open,-2,27.99625799,9.714422268,9.1,21.4
96,Winter,OCSC,RSL,42435,6.2,26.7,1,pass,right,open,-1,43.00261814,6.378871374,6.2,23.3
97,Villa,NYCFC,CHI,42435,8.5,32,0,other,right,open,0,21.10957609,10.8853112,8.5,18
98,McNamara,NYCFC,CHI,42435,15.7,33.5,1,self,right,open,0,14.66452574,17.75894141,15.7,16.5
99,Taylor,NYCFC,CHI,42435,5.6,39.4,0,self,right,open,1,7.15541521,15.26433752,5.6,10.6
100,Shelton,NYCFC,CHI,42435,13.8,22.6,0,pass,left,open,1,20.74672148,14.04279175,13.8,27.4
101,Pirlo,NYCFC,CHI,42435,20.3,13.2,0,self,left,set-piece,0,10.97022254,23.58156059,20.3,36.8
102,Taylor,NYCFC,CHI,42435,8.8,22.6,1,other,left,open,0,30.90640342,9.176055798,8.8,27.4
103,Shelton,NYCFC,CHI,42435,3.2,21.6,1,self,right,open,1,47.8912696,4.816637832,3.2,28.4
104,Matarrita,NYCFC,CHI,42435,14.5,36.6,0,self,left,open,2,12.57366465,18.44478246,14.5,13.4
105,Diskerud,NYCFC,CHI,42435,7.7,20.6,1,cross,right,open,0,29.11614627,8.969392399,7.7,29.4
106,Villa,NYCFC,CHI,42435,9.2,24.8,0,pass,right,open,1,31.54838705,9.208691547,9.2,25.2
107,Pirlo,NYCFC,CHI,42435,15.6,22.8,0,other,right,open,1,18.57152968,15.78353573,15.6,27.2
108,Accam,CHI,NYCFC,42435,1.9,31.2,0,self,left,open,0,15.6404398,6.293647591,1.9,18.8
109,Cocis,CHI,NYCFC,42435,9.9,27.2,1,pass,right,open,-1,28.18007929,10.1,9.9,22.8
110,Cocis,CHI,NYCFC,42435,13.4,35.9,0,self,right,open,0,13.43879676,17.14788617,13.4,14.1
111,Souza,CHI,NYCFC,42435,6.8,33.3,0,self,left,open,-2,18.07096411,10.57591604,6.8,16.7
112,Accam,CHI,NYCFC,42435,6.4,31,0,self,right,open,-2,25.3644172,8.637129153,6.4,19
113,Accam,CHI,NYCFC,42435,11,33.5,0,pass,right,open,-2,17.05176427,13.78005806,11,16.5
114,Igboananike,CHI,NYCFC,42435,6.9,24.9,1,cross,right,open,-2,41.28702826,6.90651866,6.9,25.1
116,Accam,CHI,NYCFC,42435,6.6,31,0,right,cross,open,-2,25.24052926,8.786353055,6.6,19
117,Accam,CHI,NYCFC,42435,10,16,0,pass,right,open,-2,16.61715173,13.5882302,10,34
118,Giovinco,TOR,NYRB,42435,47.2,30.7,0,self,right,open,0,6.215678192,47.51936447,47.2,19.3
119,Johnson,TOR,NYRB,42435,25.7,28.2,0,pass,right,open,0,11.38011105,25.87450483,25.7,21.8
120,Endoh,TOR,NYRB,42435,10.7,12.7,0,pass,right,open,0,12.12345632,16.4541788,10.7,37.3
121,Giovinco,TOR,NYRB,42435,7.7,33.2,0,other,right,open,0,18.48516422,11.10360302,7.7,16.8
123,Delgado,TOR,NYRB,42435,7.8,18.1,1,pass,right,open,1,21.74504376,10.54751155,7.8,31.9
124,Igboananike,CHI,OCSC,42440,9.1,20.8,0,cross,header,open,-1,26.79696721,10.10791769,9.1,29.2
125,Accam,CHI,OCSC,42440,17,29.2,1,pass,right,open,-1,16.42470406,17.4642492,17,20.8
126,Accam,CHI,OCSC,42440,3.6,29.2,0,cross,header,open,0,38.14023999,5.381449619,3.6,20.8
127,Larin,OCSC,CHI,42440,12.3,30,1,self,right,open,0,20.67040568,13.20340865,12.3,20
128,Molino,OCSC,CHI,42440,18.4,29.2,0,pass,right,open,0,15.31281836,18.82976367,18.4,20.8
129,Winter,OCSC,CHI,42440,18.1,15.3,0,self,right,open,0,12.78003291,20.63055986,18.1,34.7
130,Larin,OCSC,CHI,42440,9.2,16.3,0,pass,right,open,0,17.30281306,12.80039062,9.2,33.7
131,Larin,OCSC,CHI,42440,11.8,31.3,0,pass,left,open,0,19.61565752,13.28344835,11.8,18.7
132,Figueroa,DAL,HOU,42441,19.1,34.5,0,other,left,open,-2,12.49199411,21.24382263,19.1,15.5
133,Hollingshead,DAL,HOU,42441,7.8,22.9,0,cross,header,set-piece,-4,34.73944612,8.132035416,7.8,27.1
134,Acosta,DAL,HOU,42441,6.7,20.7,0,other,right,open,-4,31.60524379,8.07093551,6.7,29.3
135,Diaz,DAL,HOU,42441,20.9,19.8,0,pass,right,open,-4,13.3745898,21.58633827,20.9,30.2
136,Barrios,DAL,HOU,42441,14.9,19.9,0,other,left,open,-4,17.80428167,15.81455026,14.9,30.1
137,Urruti,DAL,HOU,42441,20.9,22.5,0,other,right,open,5,13.9874122,21.07368027,20.9,27.5
138,Horst,HOU,DAL,42441,5.5,27.5,1,cross,header,open,0,43.88054719,5.961543424,5.5,22.5
139,Clark,HOU,DAL,42441,10.7,32.4,1,pass,left,open,2,18.90228449,12.89689885,10.7,17.6
140,Wenger,HOU,DAL,42441,6,20.3,1,self,right,open,3,31.29255954,7.746612163,6,29.7
141,Wenger,HOU,DAL,42441,17.7,17.3,0,self,left,open,4,14.12244568,19.38298223,17.7,32.7
142,Bruin,HOU,DAL,42441,5.6,20.1,0,pass,right,open,4,30.92387267,7.574298647,5.6,29.9
143,Bruin,HOU,DAL,42441,0.7,21.1,1,other,right,open,4,22.15413011,4.159326869,0.7,28.9
144,Manneh,VAN,SKC,42441,13.3,25.9,0,pass,right,open,-1,22.02758649,13.31840831,13.3,24.1
145,Manneh,VAN,SKC,42441,22.2,39.8,0,pass,right,open,-1,9.297797809,26.57066051,22.2,10.2
146,Manneh,VAN,SKC,42441,13.9,16.1,0,self,right,open,-2,15.22043935,16.61384964,13.9,33.9
147,Morales,VAN,SKC,42441,10,24.9,1,self,right,set-piece,-2,29.14581859,10.00449899,10,25.1
148,Dwyer,SKC,VAN,42441,20.5,19.2,1,self,left,open,0,13.40953163,21.36000936,20.5,30.8
149,Hallisey,SKC,VAN,42441,21.2,24.8,0,self,left,open,2,13.98263682,21.20377325,21.2,25.2
150,Dwyer,SKC,VAN,42441,4.4,31.9,1,cross,left,open,2,20.80695732,8.015609771,4.4,18.1
151,Dwyer,SKC,VAN,42441,7.9,31.6,0,cross,header,open,1,22.49303557,10.16710382,7.9,18.4
152,Dwyer,SKC,VAN,42441,20.8,37.6,0,pass,left,open,1,10.48136976,24.21569739,20.8,12.4
153,Fernandes,PHI,COL,42441,12.4,31.4,0,pass,left,open,0,18.93461925,13.86362146,12.4,18.6
154,Pontius,PHI,COL,42441,5,22.5,1,cross,right,set-piece,0,46.71302925,5.682429058,5,27.5
155,Pontius,PHI,COL,42441,14.9,30.9,1,other,left,open,1,17.21536692,15.95305613,14.9,19.1
156,Le Toux,PHI,COL,42441,8.1,18.5,0,pass,right,open,2,22.61745046,10.51189802,8.1,31.5
157,Afful,COL,PHI,42441,26.7,18.5,0,pass,right,open,0,10.51006346,27.52780413,26.7,31.5
158,Jimenez,COL,PHI,42441,7.8,33.9,0,pass,right,open,0,16.92494727,11.68460526,7.8,16.1
159,Finlay,COL,PHI,42441,6.8,20.5,0,cross,header,open,-1,30.62541907,8.266196223,6.8,29.5
160,Meram,COL,PHI,42441,19.1,17.1,0,self,right,open,-2,13.29063881,20.74656598,19.1,32.9
161,Cedrick,COL,PHI,42441,10,32.7,0,self,right,open,-2,18.82509243,12.5,10,17.3
162,K. Kamara,COL,PHI,42441,8.4,28.5,1,cross,header,set-piece,-2,29.87129208,9.024965374,8.4,21.5
163,Meram,COL,PHI,42441,9.2,19.6,0,other,left,open,-1,24.08157384,10.77032961,9.2,30.4
164,Van Damme,LA,CO,42441,7,30.8,0,cross,header,set-piece,0,25.62725759,8.964373932,7,19.2
165,Zardes,LA,CO,42441,15.3,16.3,0,pass,right,open,0,14.71135527,17.70028248,15.3,33.7
166,Badji,CO,LA,42441,13.8,15.2,0,cross,header,set-piece,0,14.38849085,17.04230031,13.8,34.8
167,Powers,CO,LA,42441,23.1,25.5,0,pass,right,open,0,12.83780698,23.10194797,23.1,24.5
168,Cronin,CO,LA,42441,17.2,36,0,other,left,open,0,12.30374792,20.30960364,17.2,14
169,Sjoberg,CO,LA,42441,4.4,31.5,0,cross,header,set-piece,0,22.64285445,7.684399781,4.4,18.5
170,Gashi,CO,LA,42441,6,36,0,pass,left,open,0,11.73173427,12.35475617,6,14
171,Pappa,CO,LA,42441,24.1,18.5,0,self,left,open,0,11.49396042,25.01399608,24.1,31.5
172,Gashi,CO,LA,42441,22.8,40.4,0,self,left,open,0,8.980156121,27.40218969,22.8,9.6
173,Pappa,CO,LA,42441,49.4,34.9,0,self,left,open,0,5.793916573,50.3433213,49.4,15.1
174,Pappa,CO,LA,42441,11.4,33.7,1,other,left,open,0,16.59690873,14.22005626,11.4,16.3
175,Zizzo,NYRB,MTL,42441,15.8,18,0,self,left,open,0,15.72114336,17.36317943,15.8,32
176,B. Wright-Phillips,NYRB,MTL,42441,8.2,27.2,0,pass,left,open,-1,33.13595125,8.440379138,8.2,22.8
177,B. Wright-Phillips,NYRB,MTL,42441,16.7,26.9,0,pass,right,open,-2,17.48100577,16.78630394,16.7,23.1
178,Oduro,MTL,NYRB,42441,5.7,15.8,0,pass,right,open,0,15.03217905,10.9931797,5.7,34.2
179,Piatti,MTL,NYRB,42441,11.5,35.2,0,pass,left,open,0,14.60278483,15.23975065,11.5,14.8
180,Ontivero,MTL,NYRB,42441,15.5,20.3,0,pass,left,open,0,17.50324933,16.25607579,15.5,29.7
181,Oduro,MTL,NYRB,42441,10.1,30.2,1,pass,right,open,0,23.24211673,11.26987134,10.1,19.8
182,Piatti,MTL,NYRB,42441,11.3,15.3,1,self,right,open,1,15.284426,15.02331521,11.3,34.7
183,Piatti,MTL,NYRB,42441,7.7,33.4,0,self,left,open,2,18.01921141,11.24855546,7.7,16.6
184,Jackson-Hamel,MTL,NYRB,42441,4.9,21.2,1,pass,right,open,2,38.80064332,6.32534584,4.9,28.8
185,Vincent,DC,NE,42441,10.1,15,0,pass,right,open,0,15.05554327,14.35444182,10.1,35
186,Acosta,DC,NE,42441,15,18.6,0,other,right,open,0,16.74790306,16.38780034,15,31.4
187,Neagle,DC,NE,42441,4.8,33,0,cross,header,set-piece,0,17.27108632,9.158602513,4.8,17
188,Nguyen,NE,DC,42441,7.9,32.2,0,pass,right,open,0,20.91561062,10.55509356,7.9,17.8
189,Nguyen,NE,DC,42441,20.1,38.4,0,pass,right,open,0,10.27075199,24.04682931,20.1,11.6
190,Nguyen,NE,DC,42441,12,15.8,0,pass,right,open,0,15.70774045,15.24335921,12,34.2
191,Fagundez,NE,DC,42441,20.9,40.3,0,pass,right,open,0,9.29352247,25.78410363,20.9,9.7
192,Valdez,SEA,RSL,42441,4.9,32.8,0,cross,right,open,0,18.07099593,9.042676595,4.9,17.2
193,Alonso,SEA,RSL,42441,3.7,19.6,1,other,right,open,0,28.06259798,6.711929678,3.7,30.4
194,Marshall,SEA,RSL,42441,4.9,27.8,0,cross,header,open,1,45.441861,5.547071299,4.9,22.2
195,Plata,RSL,SEA,42441,16.4,27.3,0,pass,right,open,0,17.6830958,16.53390456,16.4,22.7
196,Sunny,RSL,SEA,42441,9.6,23.7,1,cross,header,set-piece,-1,29.82134076,9.716480844,9.6,26.3
197,Olave,RSL,SEA,42441,0.8,24.2,1,cross,header,open,0,142.7969911,1.280624847,0.8,25.8
198,Giovinco,TOR,NYCFC,42442,17.6,35.4,0,self,right,set-piece,0,12.54887277,20.34207462,17.6,14.6
199,Perquis,TOR,NYCFC,42442,5.1,25.1,1,cross,right,open,-2,54.01118366,5.100980298,5.1,24.9
200,Giovinco,TOR,NYCFC,42442,14.2,34.5,1,pass,left,open,-1,14.51890261,16.97439248,14.2,15.5
201,Giovinco,TOR,NYCFC,42442,15.3,21.1,0,self,left,open,0,18.16095786,15.83982323,15.3,28.9
202,Diskerud,NYCFC,TOR,42442,9.5,32.3,0,cross,header,open,0,19.85789065,11.86001686,9.5,17.7
204,Villa,NYCFC,TOR,42442,4.8,28.7,1,other,right,open,1,39.78864305,5.940538696,4.8,21.3
205,Villa,NYCFC,TOR,42442,4.7,23.4,0,cross,right,open,2,53.79599439,5.032891813,4.7,26.6
206,Brillant,NYCFC,TOR,42442,4.2,21.3,0,cross,header,set-piece,1,41.63353934,5.731491952,4.2,28.7
207,Villa,NYCFC,TOR,42442,7.7,32.5,0,pass,left,open,1,20.20777152,10.61037228,7.7,17.5
208,Mendoza,NYCFC,TOR,42442,17.5,28.1,0,self,left,open,0,16.40459256,17.73865835,17.5,21.9
209,Lopez,NYCFC,TOR,42442,1.9,30.5,0,pass,left,open,0,20.03062389,5.630275304,1.9,19.5
210,Melano,POR,SJ,42442,11.2,14.5,0,pass,right,open,0,14.27331755,15.48967398,11.2,35.5
211,Chara,POR,SJ,42442,8.1,8.6,0,pass,right,open,-2,7.321764199,18.47078775,8.1,41.4
212,Adi,POR,SJ,42442,4.7,33.1,0,pass,left,open,-2,16.8017991,9.192388155,4.7,16.9
213,McInerney,POR,SJ,42442,5.6,23.8,1,pass,right,open,-2,48.19593801,5.772347876,5.6,26.2
214,Wondolowski,SJ,POR,42442,2.6,29.6,1,cross,right,open,0,32.5761936,5.110772936,2.6,20.4
215,Amarikwa,SJ,POR,42442,25.6,8.7,1,pass,right,open,1,8.284015629,30.45669056,25.6,41.3
216,Godoy,SJ,POR,42442,24.8,21,0,pass,left,open,2,11.67164434,25.15313102,24.8,29
217,Wondolowski,SJ,POR,42442,21.5,20,0,pass,right,open,2,13.09847,22.11990054,21.5,30
218,Larin,OCSC,NYCFC,42447,1.9,24.4,1,cross,header,open,0,105.7690782,2.061552813,1.9,25.6
219,Larin,OCSC,NYCFC,42447,9.1,24.2,0,cross,header,open,1,31.67581412,9.154780172,9.1,25.8
220,Molino,OCSC,NYCFC,42447,13.6,15.7,0,other,right,open,1,14.95889826,16.58945448,13.6,34.3
221,Molino,OCSC,NYCFC,42447,6.8,22.4,0,pass,right,open,1,37.40535663,7.353910524,6.8,27.6
222,Ribeiro,OCSC,NYCFC,42447,15.2,17.3,0,pass,left,open,1,15.57484877,17.13038237,15.2,32.7
223,Rivas,OCSC,NYCFC,42447,19.4,37.2,0,pass,left,open,1,11.01123156,22.81140066,19.4,12.8
224,Diskerud,NYCFC,OCSC,42447,7.4,14.8,0,pass,right,open,-1,14.2028211,12.76401191,7.4,35.2
225,Diskerud,NYCFC,OCSC,42447,7.8,17.1,0,cross,right,set-piece,-1,19.19731978,11.24499889,7.8,32.9
226,Matarrita,NYCFC,OCSC,42447,25.5,33.8,0,other,left,open,-1,10.42187877,26.91115011,25.5,16.2
227,Diskerud,NYCFC,OCSC,42447,13,26.8,0,pass,right,open,-1,22.22043618,13.09809146,13,23.2
228,Mendoza,NYCFC,OCSC,42447,6.8,16.9,0,self,right,open,-1,18.5967224,10.72986486,6.8,33.1
229,Mullins,NYCFC,OCSC,42447,18.6,22.8,0,self,left,open,-1,15.7022715,18.75419953,18.6,27.2
230,Ontivero,MTL,DAL,42448,7.9,32.3,0,pass,left,open,0,20.66087272,10.62167595,7.9,17.7
231,Jackson-Hamel,MTL,DAL,42448,14.9,27.9,0,pass,right,open,-2,19.10704068,15.14265499,14.9,22.1
232,Urruti,DAL,MTL,42448,0.6,35.1,0,pass,right,open,0,1.869045274,9.918165153,0.6,14.9
233,Castillo,DAL,MTL,42448,12.3,34.3,0,cross,header,set-piece,0,15.47523605,15.30032679,12.3,15.7
234,Diaz,DAL,MTL,42448,16.4,20.3,1,self,right,set-piece,0,16.69794993,17.11636644,16.4,29.7
235,Akindele,DAL,MTL,42448,7.8,37.6,0,pass,left,open,1,10.78924582,14.64923206,7.8,12.4
236,Urruti,DAL,MTL,42448,12.1,14.8,1,pass,right,open,1,14.47740474,15.95524992,12.1,35.2
237,Urruti,DAL,MTL,42448,17.9,15.6,0,pass,right,open,2,13.03634987,20.31181922,17.9,34.4
238,Plata,RSL,POR,42448,16.5,18.6,1,self,right,open,0,15.64120621,17.77104386,16.5,31.4
239,Olave,RSL,POR,42448,5.8,23,0,cross,header,set-piece,1,44.32419646,6.203224968,5.8,27
240,Maund,RSL,POR,42448,3.8,29.1,0,other,left,open,1,38.89866962,5.445181356,3.8,20.9
241,Movsisyan,RSL,POR,42448,12.7,18.3,1,self,left,open,1,18.32282415,14.45337331,12.7,31.7
242,Sunny,RSL,POR,42448,25,39.1,0,other,right,open,0,9.040493168,28.6043703,25,10.9
243,Valeri,POR,RSL,42448,13.7,31.5,0,pass,right,open,0,17.70330297,15.07912464,13.7,18.5
244,Nagbe,POR,RSL,42448,16.2,22,0,pass,right,open,-1,17.65477033,16.51302516,16.2,28
245,Valeri,POR,RSL,42448,9.9,35.8,0,pass,right,open,-1,13.90842083,14.50413734,9.9,14.2
246,Asprilla,POR,RSL,42448,7.6,17.1,0,cross,header,open,-2,19.21192098,11.10720487,7.6,32.9
247,McInerney,POR,RSL,42448,5.3,24.4,0,cross,right,open,-2,51.79689496,5.360037313,5.3,25.6
248,Asprilla,POR,RSL,42448,9.1,20.5,0,other,right,open,-2,26.16862955,10.2420701,9.1,29.5
249,Adi,POR,RSL,42448,4.5,28.7,1,other,right,open,-2,40.7260539,5.700877125,4.5,21.3
251,McInerney,POR,RSL,42448,8.7,20.7,0,pass,right,open,0,27.36164236,9.79489663,8.7,29.3
252,Imperiale,SJ,LA,42448,6.8,32.3,0,cross,header,set-piece,-2,20.86473047,9.831073187,6.8,17.7
253,Wondolowski,SJ,LA,42448,10.2,20.1,1,other,right,open,-3,23.61971245,11.40394669,10.2,29.9
254,De Jong,LA,SJ,42448,23.6,35.9,0,self,right,set-piece,0,10.39450585,25.91235227,23.6,14.1
255,Lletgef,LA,SJ,42448,7.5,15.2,0,pass,left,open,0,15.00196668,12.5,7.5,34.8
256,Magee,LA,SJ,42448,8,26.3,0,self,right,open,0,35.21911983,8.075270893,8,23.7
257,Magee,LA,SJ,42448,7.5,25.8,0,self,left,open,0,37.88210438,7.523961722,7.5,24.2
258,Magee,LA,SJ,42448,10.5,24.1,0,cross,left,open,0,27.63160471,10.55746182,10.5,25.9
259,Zardes,LA,SJ,42448,3.8,21.1,1,cross,header,open,0,40.8026994,5.590169944,3.8,28.9
260,Zardes,LA,SJ,42448,10,33.7,1,pass,left,open,1,17.1094021,13.12440475,10,16.3
263,Manneh,VAN,SEA,42448,20.7,31.6,0,other,right,open,1,13.02564002,21.66679487,20.7,18.4
264,Bolanos,VAN,SEA,42448,15.4,16.7,0,pass,right,open,1,14.97954416,17.59005401,15.4,33.3
265,Morales,VAN,SEA,42448,18.3,19.6,0,pass,right,open,1,14.9138491,19.13765921,18.3,30.4
266,Rivero,VAN,SEA,42448,5.1,28.6,0,cross,header,open,0,39.46622425,6.129437168,5.1,21.4
268,Techera,VAN,SEA,42448,20.9,17.7,0,self,left,set-piece,1,12.67231594,22.2049544,20.9,32.3
269,Alonso,SEA,VAN,42448,15.9,22.1,0,self,left,open,-1,18.00019024,16.1993827,15.9,27.9
270,Marshall,SEA,VAN,42448,6.4,32.2,0,cross,header,set-piece,-1,21.14631277,9.484724561,6.4,17.8
271,Ivanschitz,SEA,VAN,42448,16.9,36.2,1,self,left,set-piece,-1,12.26353815,20.16457289,16.9,13.8
272,Morris,SEA,VAN,42448,8.7,33.9,0,pass,right,open,0,16.98197935,12.30365799,8.7,16.1
273,Wenger,HOU,NYRB,42448,12.9,21.9,0,pass,left,open,0,21.61908463,13.31540461,12.9,28.1
274,Beasley,HOU,NYRB,42448,8.5,42.3,0,pass,left,open,0,6.908787911,19.09607289,8.5,7.7
275,Bruin,HOU,NYRB,42448,6.9,32.6,1,pass,right,open,0,19.9943023,10.11780609,6.9,17.4
276,Bruin,HOU,NYRB,42448,5.2,31.4,1,cross,left,open,0,23.82344713,8.09197133,5.2,18.6
277,Beasley,HOU,NYRB,42448,4.5,38.3,0,self,right,open,-1,7.00719715,13.85135372,4.5,11.7
278,Wenger,HOU,NYRB,42448,9.4,15.3,0,pass,right,open,1,15.54748797,13.65173982,9.4,34.7
279,Monteiro De Lima,HOU,NYRB,42448,14.4,28.8,1,pass,left,open,0,19.19884728,14.84318025,14.4,21.2
280,B. Wright-Phillips,NYRB,HOU,42448,7.7,20.6,0,cross,right,open,0,29.11614627,8.969392399,7.7,29.4
281,Kljestan,NYRB,HOU,42448,5.7,15.6,1,pass,right,open,0,14.56320831,11.16467644,5.7,34.4
282,Martins,NYRB,HOU,42448,11.9,29.3,0,pass,right,open,1,21.97642469,12.58650071,11.9,20.7
283,B. Wright-Phillips,NYRB,HOU,42448,14.6,35.1,0,self,left,open,-1,13.82929773,17.64001134,14.6,14.9
284,Kljestan,NYRB,HOU,42448,21,22.7,0,self,right,set-piece,-1,13.95247777,21.14828598,21,27.3
285,Martins,NYRB,HOU,42448,10.3,14.4,0,pass,right,open,-1,14.19852338,14.92414152,10.3,35.6
286,Grella,NYRB,HOU,42448,1.7,28.4,1,other,right,open,-1,48.97968241,3.623534186,1.7,21.6
287,Kljestan,NYRB,HOU,42448,6.2,33.8,0,pass,right,open,0,16.46001481,10.60188662,6.2,16.2
288,Grella,NYRB,HOU,42448,4.4,29.9,0,other,left,open,-1,32.00397642,6.438167441,4.4,20.1
289,Martins,NYRB,HOU,42448,16,35.1,1,self,right,open,-1,13.32595387,18.81515347,16,14.9
290,Lade,NYRB,HOU,42448,0.9,36.1,0,other,left,open,0,2.285536477,10.93709285,0.9,13.9
291,Martins,NYRB,HOU,42448,17,18,1,self,right,set-piece,0,14.94261323,18.46185256,17,32
292,Higuain,COL,CHI,42448,19,13,0,pass,right,open,0,11.21613561,22.57963684,19,37
293,Tchani,COL,CHI,42448,21.9,36.6,0,self,right,open,0,10.61880098,24.68947144,21.9,13.4
294,Finlay,COL,CHI,42448,23.5,18,0,self,right,open,0,11.61560334,24.57824241,23.5,32
295,Meram,COL,CHI,42448,22.8,19.5,0,self,right,open,0,12.30955318,23.50170207,22.8,30.5
296,Souza,CHI,COL,42448,13.5,28.7,0,pass,right,open,0,20.35863937,13.94632568,13.5,21.3
297,Johnson,TOR,SKC,42449,14.8,26.3,0,pass,right,open,0,19.78247061,14.84082208,14.8,23.7
298,Endoh,TOR,SKC,42449,8.4,29.8,0,pass,right,open,0,26.70212216,9.577055915,8.4,20.2
299,Giovinco,TOR,SKC,42449,6.4,34.1,0,pass,left,open,-1,15.8768193,10.96220781,6.4,15.9
300,Giovinco,TOR,SKC,42449,19.2,31.4,0,pass,right,open,-1,13.91972346,20.17622363,19.2,18.6
301,Hallisey,SKC,TOR,42449,11.2,13.7,0,pass,right,open,0,13.30013213,16.05272563,11.2,36.3
302,Espinoza,SKC,TOR,42449,2.8,28,0,cross,right,open,0,55.30484647,3.959797975,2.8,22
303,Davis,SKC,TOR,42449,24.4,33.4,0,self,left,set-piece,0,10.89545646,25.74101785,24.4,16.6
304,Davis,SKC,TOR,42449,6.2,18.2,1,self,left,open,0,22.47770246,9.350935782,6.2,31.8
305,Doyle,CO,DC,42449,5.7,22.4,0,self,left,open,0,42.37359436,6.350590524,5.7,27.6
306,Powers,CO,DC,42449,2.8,27.2,1,cross,header,set-piece,0,67.87366519,3.440930107,2.8,22.8
307,Neagle,DC,CO,42449,8.1,40.9,0,self,right,set-piece,0,7.696734859,17.6663522,8.1,9.1
308,Neagle,DC,CO,42449,7.9,33.8,0,pass,left,open,0,17.15353783,11.67775663,7.9,16.2
309,Rolfe,DC,CO,42449,24.1,33,0,pass,right,open,0,11.11206783,25.33081128,24.1,17
310,Nyarko,DC,CO,42449,3.2,21.8,0,other,right,open,-1,50.49376296,4.669047012,3.2,28.2
311,Espindola,DC,CO,42449,4.3,26.9,1,other,right,open,-1,55.54806542,4.623851209,4.3,23.1
312,Saborio,DC,CO,42449,9.2,23.7,0,cross,header,open,0,31.01561556,9.321480569,9.2,26.3
313,Nguyen,NE,PHI,42449,19.8,36.4,0,pass,right,open,-1,11.30052276,22.74818674,19.8,13.6
314,Nguyen,NE,PHI,42449,23,33.7,0,self,right,set-piece,-2,11.3112224,24.52039967,23,16.3
315,Agudelo,NE,PHI,42449,9.8,18.2,0,self,left,open,-2,20.60792006,12.04325537,9.8,31.8
316,Sapong,PHI,NE,42449,6.9,31.8,1,cross,left,open,0,22.39105364,9.548298278,6.9,18.2
317,Sapong,PHI,NE,42449,6.1,26.9,1,cross,left,open,1,42.9626693,6.33245608,6.1,23.1
319,Pontius,PHI,NE,42449,5.7,30.9,0,cross,left,open,2,26.08607692,8.061017306,5.7,19.1
320,Fernandes,PHI,NE,42449,7.9,29.6,0,cross,header,set-piece,2,28.13903837,9.042676595,7.9,20.4
322,Herbers,PHI,NE,42449,7.7,18,0,pass,right,open,2,21.52260011,10.54182147,7.7,32
323,Le Toux,PHI,NE,42449,2.3,24.9,1,cross,right,open,2,96.95986529,2.319482701,2.3,25.1
324,Fernandes,PHI,NE,42449,5.6,28.8,0,cross,header,open,3,36.71931776,6.657326791,5.6,21.2
325,Bruin,HOU,VAN,42455,13.9,39.6,0,self,right,open,0,10.2526019,20.01424493,13.9,10.4
326,Beasley,HOU,VAN,42455,2.8,29.2,0,pass,left,open,-1,37.87498365,4.882622246,2.8,20.8
327,Wenger,HOU,VAN,42455,6.2,22.8,0,cross,right,open,-1,41.43819137,6.648308055,6.2,27.2
328,Clark,HOU,VAN,42455,4.6,31.9,0,cross,left,open,-1,21.09383322,8.127115109,4.6,18.1
329,Monteiro De Lima,HOU,VAN,42455,15.3,29.4,0,pass,left,open,-1,17.87503205,15.86600139,15.3,20.6
330,Manotas,HOU,VAN,42455,15.3,22.8,0,self,right,set-piece,-1,18.91555853,15.4870914,15.3,27.2
331,Lovejoy,HOU,VAN,42455,9.6,20.3,0,other,left,open,-1,24.9108763,10.77821878,9.6,29.7
332,Rivero,VAN,HOU,42455,1.9,27.6,0,cross,left,open,0,69.92847414,3.061045573,1.9,22.4
333,Rivero,VAN,HOU,42455,3.2,22,0,cross,header,open,0,53.13010235,4.5254834,3.2,28
334,Jacobson,VAN,HOU,42455,10.5,28.4,0,pass,right,open,0,25.38790629,10.9767937,10.5,21.6
335,Jacobson,VAN,HOU,42455,7.8,19.9,0,cross,right,set-piece,0,26.85903412,9.43027041,7.8,30.1
336,Rivero,VAN,HOU,42455,7.3,30.7,0,pass,right,open,0,25.65891797,9.140021882,7.3,19.3
337,Morales,VAN,HOU,42455,9.9,25,1,self,right,set-piece,0,29.4301433,9.902019996,9.9,25
338,Barrios,DAL,DC,42455,14.5,18.5,1,pass,left,open,0,17.05749831,15.97310239,14.5,31.5
339,Barrios,DAL,DC,42455,12.1,20.1,1,pass,right,open,1,21.02953431,13.13087964,12.1,29.9
340,Barrios,DAL,DC,42455,10.8,15.6,0,pass,right,open,2,15.81705357,14.44991349,10.8,34.4
341,Urruti,DAL,DC,42455,8.4,30.1,1,pass,right,open,2,25.93643932,9.724710793,8.4,19.9
342,Urruti,DAL,DC,42455,19.1,35.5,0,pass,right,open,3,11.97421657,21.70023041,19.1,14.5
343,Castillo,DAL,DC,42455,1.9,30.9,0,self,right,open,3,17.33135201,6.008327554,1.9,19.1
344,Neagle,DC,DAL,42455,5.4,18,0,pass,right,open,-3,21.46858849,9,5.4,32
346,Rowe,NE,NYCFC,42455,12.5,16.8,0,pass,right,open,0,16.69463593,15.06021248,12.5,33.2
347,Rowe,NE,NYCFC,42455,4.3,32.5,0,pass,left,open,-1,18.20708347,8.472307832,4.3,17.5
348,Tierney,NE,NYCFC,42455,15.9,23.3,1,self,left,set-piece,-1,18.37278344,16.01311962,15.9,26.7
349,Fagundez,NE,NYCFC,42455,9.1,17,0,pass,right,open,0,18.66904797,12.24948979,9.1,33
350,Davies,NE,NYCFC,42455,3.5,32.2,0,self,left,open,0,17.61257784,7.826237921,3.5,17.8
351,Villa,NYCFC,NE,42455,13.8,15.4,0,self,left,open,0,14.58230966,16.92572007,13.8,34.6
352,Villa,NYCFC,NE,42455,11.7,20,0,self,right,open,0,21.41447587,12.80351514,11.7,30
353,McNamara,NYCFC,NE,42455,2.1,26.9,1,other,header,open,0,83.41805534,2.701851217,2.1,23.1
354,Mullins,NYCFC,NE,42455,2.6,28.1,0,cross,header,open,0,54.59483026,3.894868419,2.6,21.9
355,B. Wright-Phillips,NYRB,NE,42461,14.7,15.4,0,self,left,open,0,14.22702019,17.66720125,14.7,34.6
356,Zizzo,NYRB,NE,42461,6.8,30.3,0,cross,right,open,0,27.62347449,8.5,6.8,19.7
357,B. Wright-Phillips,NYRB,NE,42461,11.4,15.3,0,other,right,open,0,15.25980405,15.09867544,11.4,34.7
358,Grella,NYRB,NE,42461,9.5,26.3,0,pass,left,open,-1,30.11151847,9.563472173,9.5,23.7
359,B. Wright-Phillips,NYRB,NE,42461,1.9,26.7,0,cross,right,set-piece,-1,91.50743576,2.420743687,1.9,23.3
360,Agudelo,NE,NYRB,42461,33.4,6.4,0,pass,right,open,0,6.808169226,38.32753579,33.4,43.6
361,Fagundez,NE,NYRB,42461,6.4,26.6,0,cross,right,open,0,42.15554714,6.551335742,6.4,23.4
362,Bunbury,NE,NYRB,42461,9,20.2,0,cross,header,open,0,25.69153389,10.29563014,9,29.8
363,Nguyen,NE,NYRB,42461,21.3,26.8,0,pass,right,open,0,13.82252135,21.36000936,21.3,23.2
364,Fagundez,NE,NYRB,42461,7.3,32.2,1,cross,left,open,0,21.10110319,10.11385189,7.3,17.8
365,Rowe,NE,NYRB,42461,23.6,14.4,0,pass,right,open,1,10.49345885,25.95380512,23.6,35.6
366,Meram,COL,DAL,42462,3.9,29.7,1,cross,header,set-piece,0,33.58603536,5.954829972,3.9,20.3
367,Meram,COL,DAL,42462,9.9,21.1,0,cross,right,open,1,25.80664151,10.71540946,9.9,28.9
368,Finlay,COL,DAL,42462,6.1,23,0,cross,right,open,1,42.63746684,6.484597135,6.1,27
369,K. Kamara,COL,DAL,42462,10.3,28.7,0,pass,left,open,1,25.35619947,10.878419,10.3,21.3
370,Meram,COL,DAL,42462,14.5,23.1,0,pass,right,open,1,20.00531677,14.65127981,14.5,26.9
371,K. Kamara,COL,DAL,42462,10.7,21.7,0,cross,header,open,0,25.12943588,11.25788612,10.7,28.3
372,Hollingshead,DAL,COL,42462,7.8,17.7,0,cross,header,open,-1,20.69451676,10.82081328,7.8,32.3
373,Castillo,DAL,COL,42462,16,35.8,0,self,right,open,-1,12.81103433,19.19270695,16,14.2
374,Barrios,DAL,COL,42462,6.8,21.1,0,pass,right,open,-1,32.88482189,7.940403012,6.8,28.9
375,Hedges,DAL,COL,42462,1.9,24.8,0,other,header,open,-1,107.4728201,1.941648784,1.9,25.2
376,Urruti,DAL,COL,42462,21.3,18.1,0,self,right,open,-1,12.62396582,22.45217139,21.3,31.9
377,Akindele,DAL,COL,42462,1.4,25.6,1,other,right,open,-1,121.3786021,1.456021978,1.4,24.4
378,Nyarko,DC,SJ,42462,4.4,23.5,1,cross,header,open,0,57.01487853,4.716990566,4.4,26.5
379,Neagle,DC,SJ,42462,18.6,20.8,0,self,right,set-piece,1,15.16541148,19.11334612,18.6,29.2
380,Rolfe,DC,SJ,42462,12,15.1,0,pass,right,open,1,14.85559606,15.68470593,12,34.9
381,Espindola,DC,SJ,42462,8.3,20.5,0,cross,header,open,1,27.65065312,9.538343672,8.3,29.5
382,Amarikwa,SJ,DC,42462,10.2,19.1,0,pass,right,open,0,21.87765133,11.88486432,10.2,30.9
383,Thompson,SJ,DC,42462,9,19.9,0,pass,right,open,-1,25.024715,10.44461584,9,30.1
384,Alashe,SJ,DC,42462,19.1,29.4,0,pass,right,open,-1,14.74378702,19.5563289,19.1,20.6
385,Salinas,SJ,DC,42462,17.5,15.7,0,pass,right,open,-1,13.26600066,19.91230775,17.5,34.3
386,Jahn,SJ,DC,42462,6.7,22.2,1,cross,right,open,-1,37.15796346,7.340980861,6.7,27.8
387,Wondolowski,SJ,DC,42462,4.4,23.4,0,other,right,open,0,56.47204621,4.75394573,4.4,26.6
388,Piatti,MTL,SEA,42462,20.6,31.7,0,pass,right,open,0,13.04066161,21.60115738,20.6,18.3
389,Bekker,MTL,SEA,42462,24.9,12.6,0,pass,left,open,0,9.581841122,27.90645087,24.9,37.4
390,Ontivero,MTL,SEA,42462,6.9,17.1,0,pass,right,open,0,19.16092835,10.64048871,6.9,32.9
391,Dempsey,SEA,MTL,42462,21.3,21.9,0,self,right,set-piece,0,13.63690818,21.55411794,21.3,28.1
392,Dempsey,SEA,MTL,42462,16.4,31.9,0,pass,left,open,0,15.39039201,17.71581215,16.4,18.1
393,Dempsey,SEA,MTL,42462,21.6,35.2,0,self,right,set-piece,0,11.26615228,23.80252087,21.6,14.8
394,Dempsey,SEA,MTL,42462,2.3,29.1,1,cross,header,set-piece,0,37.94215335,4.527692569,2.3,20.9
395,Lletgef,LA,VAN,42462,6.9,28.3,0,cross,header,open,0,34.74004444,7.56439026,6.9,21.7
396,Gordon,LA,VAN,42462,6.9,17,0,cross,header,open,0,18.89110796,10.71680923,6.9,33
397,Zardes,LA,VAN,42462,5.8,23.9,0,cross,right,open,0,47.03523392,5.943904441,5.8,26.1
398,Jamieson,LA,VAN,42462,8.7,16.8,0,self,left,open,0,18.37812658,12.09338662,8.7,33.2
399,Rivero,VAN,LA,42462,12.6,14.3,0,pass,right,open,0,13.81293143,16.66043217,12.6,35.7
400,Jacobson,VAN,LA,42462,25.6,19.3,0,self,right,open,0,11.05912326,26.27108677,25.6,30.7
401,Plata,RSL,SKC,42462,5.3,37.7,0,self,right,open,0,8.582000885,13.57718675,5.3,12.3
402,Plata,RSL,SKC,42462,14.5,36,0,pass,left,open,0,13.08137441,18.08009956,14.5,14
403,Glad,RSL,SKC,42462,2.9,29.8,1,cross,header,set-piece,0,31.41548341,5.43783045,2.9,20.2
404,Mulholland,RSL,SKC,42462,12.7,17.3,0,pass,right,open,1,17.16371755,14.95660389,12.7,32.7
405,Movsisyan,RSL,SKC,42462,7.4,16.7,0,self,right,open,1,18.22146175,11.26987134,7.4,33.3
406,Stertzer,RSL,SKC,42462,3.5,21.3,0,other,right,open,1,43.49820748,5.240229003,3.5,28.7
407,Mulholland,RSL,SKC,42462,20.8,27.4,1,other,right,open,1,14.06747209,20.91602257,20.8,22.6
408,Dwyer,SKC,RSL,42462,5.1,22.8,0,cross,right,open,-1,47.74890142,5.636488268,5.1,27.2
410,Giovinco,TOR,CO,42462,20.4,20.1,0,self,right,set-piece,-1,13.75314909,21.02783869,20.4,29.9
411,Altidore,TOR,CO,42462,8.3,11.8,0,pass,right,open,-1,10.34792936,15.76229679,8.3,38.2
412,Osorio,TOR,CO,42462,9.4,28.3,0,other,right,open,-1,27.85598448,9.897979592,9.4,21.7
413,Powers,CO,TOR,42462,4,32.2,0,cross,right,open,0,18.80560837,8.062257748,4,17.8
414,Solignac,CO,TOR,42462,8.8,26.6,1,pass,right,open,0,31.99694412,8.910667764,8.8,23.4
415,Badji,CO,TOR,42462,6.3,24,0,cross,header,open,1,43.99491399,6.413267498,6.3,26
416,Sjoberg,CO,TOR,42462,4.7,32.8,0,cross,header,set-piece,1,17.78942179,8.935882721,4.7,17.2
417,Sjoberg,CO,TOR,42462,0.2,29,0,other,left,open,1,6.394397765,3.805259518,0.2,21
418,Powers,CO,TOR,42462,4.5,26.1,0,cross,header,set-piece,1,57.86275102,4.589117562,4.5,23.9
419,Solignac,CO,TOR,42462,14.7,19.3,0,self,right,open,1,17.54189577,15.83982323,14.7,30.7
420,Burch,CO,TOR,42462,25.3,37.8,0,self,left,open,1,9.371270753,28.26393462,25.3,12.2
421,Serna,CO,TOR,42462,18.6,34.5,0,self,left,open,1,12.69228805,20.79543219,18.6,15.5
422,Sapong,PHI,CHI,42462,7.5,29,0,cross,header,open,0,30.7742538,8.407734534,7.5,21
423,Sapong,PHI,CHI,42462,12.7,25.8,0,pass,right,open,0,23.0544937,12.71416533,12.7,24.2
424,Sapong,PHI,CHI,42462,7,29.7,0,other,right,open,0,29.50258883,8.321658489,7,20.3
425,Ilsinho,PHI,CHI,42462,15.6,18.1,0,self,right,open,0,15.92995165,17.13971995,15.6,31.9
426,Igboananike,CHI,PHI,42462,5.9,29.4,0,cross,left,open,0,32.90774831,7.242237223,5.9,20.6
427,Igboananike,CHI,PHI,42462,8.7,30.7,1,pass,left,open,0,24.04001901,10.29271587,8.7,19.3
428,Goosens,CHI,PHI,42462,16.2,20.9,0,self,left,open,1,17.17893956,16.76096656,16.2,29.1
430,Valeri,POR,OCSC,42463,8,19.8,0,other,left,open,-2,26.2706141,9.65194281,8,30.2
431,Valeri,POR,OCSC,42463,9.3,40.8,0,self,right,open,-3,8.352814707,18.16177304,9.3,9.2
432,Valeri,POR,OCSC,42463,12.2,33.8,0,pass,left,open,-3,16.11898555,14.92648653,12.2,16.2
433,Valeri,POR,OCSC,42463,23.3,37.2,0,self,right,set-piece,-3,10.03093062,26.20858638,23.3,12.8
434,Valeri,POR,OCSC,42463,6.5,32.6,0,self,left,open,-4,19.92388355,9.849365462,6.5,17.4
435,McInerney,POR,OCSC,42463,3.7,27.1,1,other,right,open,-4,59.4850263,4.159326869,3.7,22.9
436,Hines,OCSC,POR,42463,8.8,21.2,1,cross,header,set-piece,0,28.26220737,9.666436779,8.8,28.8
437,Kaka,OCSC,POR,42463,14.5,26.8,0,pass,right,open,1,20.03827496,14.58800877,14.5,23.2
438,Hines,OCSC,POR,42463,7.7,26.3,0,cross,header,set-piece,1,36.44486257,7.778174593,7.7,23.7
439,Shea,OCSC,POR,42463,8.2,36.3,1,pass,right,open,1,12.76780581,13.80036231,8.2,13.7
440,Molino,OCSC,POR,42463,15.3,17.9,0,self,left,open,2,15.98462279,16.95228598,15.3,32.1
441,Kaka,OCSC,POR,42463,14.4,19.5,1,pass,right,open,2,17.97132475,15.4870914,14.4,30.5
443,Hines,OCSC,PHI,42468,6.4,23.3,0,cross,header,set-piece,-1,41.90089542,6.676076692,6.4,26.7
444,Winter,OCSC,PHI,42468,14.6,29.2,1,pass,left,open,-1,18.71987816,15.13803158,14.6,20.8
445,Winter,OCSC,PHI,42468,10.9,27.8,0,pass,right,open,0,25.30322513,11.20580207,10.9,22.2
446,Winter,OCSC,PHI,42468,8.9,20.3,0,cross,right,open,-1,26.08305353,10.15972441,8.9,29.7
447,Sapong,PHI,OCSC,42468,0.7,23.8,1,other,right,open,0,142.9974735,1.565247584,0.7,26.2
448,Alberg,PHI,OCSC,42468,24.2,16.4,0,pass,right,open,1,10.91039433,25.7503398,24.2,33.6
449,Pontius,PHI,OCSC,42468,10.7,16.8,0,self,left,open,1,17.64052721,13.60330842,10.7,33.2
450,Sapong,PHI,OCSC,42468,10,30.3,0,pass,left,open,1,23.19916045,11.22541759,10,19.7
451,Barnetta,PHI,OCSC,42468,4.4,29.9,0,cross,header,set-piece,0,32.00397642,6.438167441,4.4,20.1
452,Barnetta,PHI,OCSC,42468,20.8,22.3,1,self,right,set-piece,0,14.01974732,21.00119044,20.8,27.7
453,Quintero,SJ,DAL,42469,12.9,20,1,cross,left,open,0,19.96516632,13.90863041,12.9,30
454,Wondolowski,SJ,DAL,42469,5.7,22.8,0,cross,header,open,0,44.11508324,6.184658438,5.7,27.2
455,Wondolowski,SJ,DAL,42469,9.2,30,1,pass,left,open,0,24.93879398,10.37689742,9.2,20
456,Amarikwa,SJ,DAL,42469,5.3,29.6,0,cross,header,set-piece,0,32.96837782,6.88839604,5.3,20.4
457,Castillo,DAL,SJ,42469,11.1,36.6,0,pass,right,open,0,12.95009794,15.91131673,11.1,13.4
459,Urruti,DAL,SJ,42469,1,19,0,pass,right,open,0,9.757025719,6.280127387,1,31
460,Urruti,DAL,SJ,42469,1.3,17.9,0,other,header,open,0,8.480087646,7.414849965,1.3,32.1
461,Figueroa,DAL,SJ,42469,21,34.9,0,pass,left,open,0,11.5942944,23.13201245,21,15.1
462,Figueroa,DAL,SJ,42469,3,27.8,0,cross,header,set-piece,0,57.13132107,3.969886648,3,22.2
463,Pappa,CO,RSL,42469,20.6,21.1,0,pass,left,open,0,13.90129152,21.00404723,20.6,28.9
464,Gashi,CO,RSL,42469,12.9,35.9,0,self,left,open,0,13.54428387,16.7600716,12.9,14.1
465,Gashi,CO,RSL,42469,14.5,30.8,0,pass,left,open,0,17.63905336,15.54380906,14.5,19.2
466,Solignac,CO,RSL,42469,10.1,33.3,0,pass,right,open,0,17.74315173,12.94681428,10.1,16.7
467,Pappa,CO,RSL,42469,18.3,34.5,0,self,left,open,-1,12.81385466,20.52754247,18.3,15.5
468,Movsisyan,RSL,CO,42469,7,32.4,0,pass,left,open,0,20.56899049,10.04191217,7,17.6
469,Plata,RSL,CO,42469,11.7,30.4,1,other,left,open,0,20.90410088,12.80351514,11.7,19.6
470,Morales,RSL,CO,42469,10.6,27.8,0,self,right,open,1,25.91491421,10.91421092,10.6,22.2
471,Maund,RSL,CO,42469,6.4,31.4,0,cross,header,open,1,23.88322217,8.910667764,6.4,18.6
472,Feilhaber,SKC,NYRB,42469,10.5,27.6,1,cross,left,open,0,26.34636606,10.77079384,10.5,22.4
473,Dwyer,SKC,NYRB,42469,5.3,22.1,1,cross,left,set-piece,1,42.82121139,6.140032573,5.3,27.9
474,Espinoza,SKC,NYRB,42469,23.1,31.6,0,pass,left,open,2,11.89189787,23.97018982,23.1,18.4
475,B. Wright-Phillips,NYRB,SKC,42469,11.3,35.8,0,self,right,open,-1,13.89258413,15.49354704,11.3,14.2
476,B. Wright-Phillips,NYRB,SKC,42469,10.6,19.6,0,cross,header,open,-1,22.24571253,11.98832766,10.6,30.4
477,Lade,NYRB,SKC,42469,15.9,26.3,0,self,right,open,-1,18.45576095,15.93800489,15.9,23.7
478,Davis,NYRB,SKC,42469,11.9,19.8,0,pass,right,open,-1,20.91859843,13.0678996,11.9,30.2
480,Grella,NYRB,SKC,42469,10.2,30.9,0,pass,left,open,-2,21.87765133,11.68460526,10.2,19.1
481,B. Wright-Phillips,NYRB,SKC,42469,3.4,23.8,0,cross,header,open,-2,70.55996517,3.676955262,3.4,26.2
482,Aird,VAN,DC,42469,13.9,17.4,0,pass,right,open,-1,16.48742488,15.93894601,13.9,32.6
483,Hurtado,VAN,DC,42469,7.5,29.4,0,other,left,open,-2,29.52933271,8.595929269,7.5,20.6
484,Sarvas,DC,VAN,42469,18.1,16.4,0,pass,right,open,0,13.4086501,20.12585402,18.1,33.6
485,DeLeon,DC,VAN,42469,9.1,23.1,0,other,right,open,0,30.71135385,9.339164845,9.1,26.9
486,Espindola,DC,VAN,42469,7.5,32.6,0,pass,left,open,0,19.98310652,10.53612832,7.5,17.4
487,Espindola,DC,VAN,42469,10.3,21.9,0,pass,left,open,0,26.18088983,10.81572929,10.3,28.1
488,Rolfe,DC,VAN,42469,8.5,30.8,0,pass,left,open,0,24.03109573,10.17889974,8.5,19.2
489,Espindola,DC,VAN,42469,2.3,26.8,1,other,left,open,0,81.58171216,2.801785145,2.3,23.2
490,Espindola,DC,VAN,42469,6.6,34.7,0,pass,left,open,1,14.69248499,11.56762724,6.6,15.3
491,Espindola,DC,VAN,42469,4.3,30.3,0,cross,header,open,1,29.31538108,6.670832032,4.3,19.7
492,Birnbaum,DC,VAN,42469,4.4,28.9,0,cross,header,set-piece,1,39.44500723,5.748912941,4.4,21.1
493,Espindola,DC,VAN,42469,2.4,23.5,1,other,left,open,1,84.2803159,2.941088234,2.4,26.5
494,DeLeon,DC,VAN,42469,22.7,19.2,0,self,right,open,2,12.28262915,23.47956558,22.7,30.8
495,Acosta,DC,VAN,42469,13.8,30.9,0,self,right,open,2,18.18204636,14.93084057,13.8,19.1
496,Saborio,DC,VAN,42469,10.4,28.8,1,pass,left,open,2,25.02555759,11.00545319,10.4,21.2
497,Saborio,DC,VAN,42469,6.4,17.9,1,pass,left,open,3,21.47140742,9.708243919,6.4,32.1
498,Giovinco,TOR,NE,42469,15.2,22.3,1,pass,right,open,-1,18.84591635,15.47417203,15.2,27.7
499,Nguyen,NE,TOR,42469,9,26,0,pass,right,open,0,31.88200747,9.035485598,9,24
500,Rowe,NE,TOR,42469,7.1,32.2,1,cross,header,open,0,21.13836326,9.970456359,7.1,17.8
501,Bunbury,NE,TOR,42469,15,24,0,pass,left,open,1,19.58426143,15.04792344,15,26
502,Koffie,NE,TOR,42469,21.8,30.8,0,pass,right,open,1,12.72197409,22.50777643,21.8,19.2
503,Bunbury,NE,TOR,42469,4.2,19.2,0,other,right,open,1,26.13100054,7.323933369,4.2,30.8
504,Tierney,NE,TOR,42469,14.1,13.8,0,pass,left,open,1,13.00371067,18.13201588,14.1,36.2
505,Bunbury,NE,TOR,42469,21.6,1.5,0,self,right,open,0,6.332921631,32.06633749,21.6,48.5
506,Rowe,NE,TOR,42469,6.7,21.8,0,other,right,open,0,35.76449545,7.513321503,6.7,28.2
507,Meram,COL,MTL,42469,5.6,23.5,0,cross,right,open,0,47.32249735,5.852349955,5.6,26.5
508,Afful,COL,MTL,42469,8.2,8.9,0,self,left,open,-2,7.597226042,18.2463695,8.2,41.1
509,Ontivero,MTL,COL,42469,20.7,19.4,0,self,left,open,0,13.36394416,21.49720912,20.7,30.6
510,Ontivero,MTL,COL,42469,16.7,19.4,0,pass,left,open,0,15.96783443,17.67851804,16.7,30.6
511,Oduro,MTL,COL,42469,7.1,32,0,self,right,open,0,21.72673481,9.831073187,7.1,18
512,Camara,MTL,COL,42469,5.3,28.4,1,cross,header,set-piece,0,39.96114498,6.191122677,5.3,21.6
513,Oduro,MTL,COL,42469,9.3,25.6,0,pass,right,open,1,31.12444854,9.308598176,9.3,24.4
514,Piatti,MTL,COL,42469,10.3,33,0,pass,left,open,1,18.15561369,12.92013932,10.3,17
515,Bekker,MTL,COL,42469,6.3,28.1,1,cross,header,open,1,37.59982227,6.935416354,6.3,21.9
516,Villa,NYCFC,CHI,42470,20.4,25.2,0,self,right,open,0,14.52513035,20.4,20.4,24.8
517,Villa,NYCFC,CHI,42470,13.3,16.3,0,pass,right,open,0,15.71363258,16.00312469,13.3,33.7
518,Villa,NYCFC,CHI,42470,6.9,32.3,0,cross,right,set-piece,0,20.86356876,9.900505038,6.9,17.7
519,Matarrita,NYCFC,CHI,42470,23.1,36,0,self,left,open,0,10.50411261,25.5,23.1,14
520,Diskerud,NYCFC,CHI,42470,14.2,27.5,0,self,right,open,0,20.15948573,14.3850617,14.2,22.5
521,Villa,NYCFC,CHI,42470,20.7,41.1,0,self,right,set-piece,0,8.98273704,26.10172408,20.7,8.9
522,McNamara,NYCFC,CHI,42470,13.7,31.2,0,self,right,open,0,17.99110886,14.95626959,13.7,18.8
523,Adi,POR,LA,42470,11.7,34.6,1,pass,right,open,0,15.30679524,15.00833102,11.7,15.4
524,Adi,POR,LA,42470,16.8,35.8,0,self,right,open,1,12.55974662,19.86454127,16.8,14.2
525,Zardes,LA,POR,42470,19.4,36.8,0,pass,left,open,0,11.21375655,22.60353955,19.4,13.2
526,Steres,LA,POR,42470,4.9,19.6,0,cross,header,set-piece,-1,28.76764934,7.441102069,4.9,30.4
527,Ivanschitz,SEA,HOU,42470,24.9,16.7,0,self,left,set-piece,0,10.74770358,26.31083427,24.9,33.3
528,Kovar,SEA,HOU,42470,23.1,20.9,0,pass,left,open,-1,12.45915781,23.49680829,23.1,29.1
529,Ivanschitz,SEA,HOU,42470,18.5,19.6,0,self,left,open,-1,14.77874754,19.32899377,18.5,30.4
530,Anderson,SEA,HOU,42470,5.4,27.5,0,cross,right,open,-1,44.42433465,5.869412236,5.4,22.5
531,Dempsey,SEA,HOU,42470,15.6,30.4,0,self,left,open,-1,16.97417085,16.44384383,15.6,19.6
532,Marshall,SEA,HOU,42470,4.7,23,1,cross,right,open,-1,51.65894505,5.189412298,4.7,27
533,Bruin,HOU,SEA,42470,6.4,26.1,0,cross,header,open,0,43.22389115,6.462971453,6.4,23.9
534,Bruin,HOU,SEA,42470,22.4,21.1,0,pass,right,open,0,12.86012048,22.77213209,22.4,28.9
535,Barnes,HOU,SEA,42470,25.4,29.5,0,pass,right,open,0,11.33920487,25.76140524,25.4,20.5
536,Anibaba,HOU,SEA,42470,16.5,10,0,pass,right,open,0,9.922193471,22.43412579,16.5,40
537,Horst,HOU,SEA,42470,5.2,26.7,0,cross,header,set-piece,0,49.40743149,5.412023651,5.2,23.3
538,Barnes,HOU,SEA,42470,8.4,19,1,cross,right,open,0,23.63780996,10.44030651,8.4,31
539,Boniek-Garcia,HOU,SEA,42470,5.4,22,0,other,right,open,1,41.80523188,6.276941931,5.4,28
540,Barrios,DAL,POR,42473,9.7,22.6,1,pass,right,open,0,28.4506609,10.04241007,9.7,27.4
541,Castillo,DAL,POR,42473,15.5,23.1,1,pass,right,open,1,18.7750006,15.64161117,15.5,26.9
542,Akindele,DAL,POR,42473,9.6,26.7,1,pass,right,open,2,29.48422797,9.716480844,9.6,23.3
543,Castillo,DAL,POR,42473,9.6,33.4,0,pass,right,open,3,17.74893712,12.62537128,9.6,16.6
544,Castillo,DAL,POR,42473,14.3,16.8,0,self,right,open,3,15.67600754,16.58463144,14.3,33.2
545,Valeri,POR,DAL,42473,37.6,29.7,0,pass,right,open,-3,7.790516279,37.86832449,37.6,20.3
546,Melano,POR,DAL,42473,15.5,42.3,0,other,right,open,-3,8.602586406,23.07942807,15.5,7.7
547,Mattocks,POR,DAL,42473,7.8,31.2,1,cross,right,open,-3,23.67224628,9.84073168,7.8,18.8
548,Barmby,POR,DAL,42473,24.6,18.5,0,self,left,set-piece,-2,11.29187258,25.49607813,24.6,31.5
549,McInerney,POR,DAL,42473,4.2,27.8,0,cross,header,set-piece,-2,49.39870535,4.939635614,4.2,22.2
550,Martins,NYRB,SJ,42473,25.4,15.9,0,pass,right,open,0,10.37795604,27.04902956,25.4,34.1
551,B. Wright-Phillips,NYRB,SJ,42473,8.6,18.8,0,pass,left,open,-1,22.94413082,10.72007463,8.6,31.2
552,Martins,NYRB,SJ,42473,17.4,35.3,0,self,right,open,-2,12.68170586,20.11889659,17.4,14.7
553,Kljestan,NYRB,SJ,42473,8.3,26.3,0,cross,header,open,-2,34.06958618,8.372574276,8.3,23.7
554,Grella,NYRB,SJ,42473,1.1,31.1,0,pass,right,open,-2,10.24113142,6.001666435,1.1,18.9
555,Grella,NYRB,SJ,42473,6.4,32.7,0,pass,right,open,-2,19.59440232,9.859513173,6.4,17.3
556,Thompson,SJ,NYRB,42473,5.4,20.4,0,cross,right,open,0,32.80696552,7.224956747,5.4,29.6
557,Alashe,SJ,NYRB,42473,18.5,21.2,1,other,right,open,0,15.37157028,18.92749323,18.5,28.8
558,Garcia,SJ,NYRB,42473,18.8,27.6,0,pass,left,open,1,15.46121774,18.95257238,18.8,22.4
559,Wondolowski,SJ,NYRB,42473,5.3,26.9,1,cross,header,open,1,47.85696207,5.56596802,5.3,23.1
560,Solignac,CO,SKC,42473,12.9,33.8,0,cross,header,open,0,15.79782795,15.50387048,12.9,16.2
561,Solignac,CO,SKC,42473,11.5,21,1,pass,right,open,0,22.91109284,12.24295716,11.5,29
562,Pappa,CO,SKC,42473,14.9,16.2,0,pass,left,open,1,14.82707183,17.40718243,14.9,33.8
563,Solignac,CO,SKC,42473,18.2,28.9,0,self,right,open,1,15.56820728,18.57229119,18.2,21.1
564,Serna,CO,SKC,42473,26.3,20.6,0,pass,left,open,0,10.98901644,26.69925093,26.3,29.4
565,Gashi,CO,SKC,42473,11.8,24.2,1,other,left,open,0,24.74674821,11.84229707,11.8,25.8
566,Rubio,SKC,CO,42473,0.8,31.7,0,self,right,open,-1,6.124374174,6.549045732,0.8,18.3
567,Dwyer,SKC,CO,42473,15,24.3,0,pass,right,open,-1,19.62643935,15.02697574,15,25.7
568,Hallisey,SKC,CO,42473,10.3,30.6,0,pass,left,open,-1,22.28503383,11.62970335,10.3,19.4
569,Opara,SKC,CO,42473,5.8,23.5,0,cross,header,set-piece,-1,45.99525581,6.044005295,5.8,26.5
570,Davis,SKC,CO,42473,3.2,30,0,other,left,open,-1,30.29644818,5.768882041,3.2,20
571,Dwyer,SKC,CO,42473,9.1,26.9,1,cross,header,open,-1,30.71135385,9.257429449,9.1,23.1
572,Dos Santos,LA,HOU,42476,9.7,22.8,1,other,left,open,-1,28.68966776,9.992497185,9.7,27.2
573,Husidic,LA,HOU,42476,4.9,25,1,other,left,open,0,55.90193806,4.904079934,4.9,25
574,Dos Santos,LA,HOU,42476,9.1,29.3,1,cross,right,open,1,26.58928797,9.980981916,9.1,20.7
575,Zardes,LA,HOU,42476,7.2,29.1,1,cross,left,open,2,31.17160004,8.188406438,7.2,20.9
576,DeLaGarza,LA,HOU,42476,10,18.3,0,pass,right,open,3,20.62919608,12.14948559,10,31.7
577,Horst,HOU,LA,42476,3.2,20.6,1,cross,header,open,0,36.07507514,5.60357029,3.2,29.4
578,Rodriguez,HOU,LA,42476,8.3,28.9,0,cross,header,set-piece,-3,29.16393507,9.08735385,8.3,21.1
579,Barnes,HOU,LA,42476,20.7,30.1,0,self,right,set-piece,-3,13.51780113,21.27204739,20.7,19.9
580,Techera,VAN,RSL,42476,3.3,31.9,0,other,header,open,0,18.34852991,7.46860094,3.3,18.1
581,Manneh,VAN,RSL,42476,14.4,23.9,0,pass,left,open,0,20.35697253,14.45856148,14.4,26.1
582,Rivero,VAN,RSL,42476,9.3,17.7,0,pass,right,open,0,19.97895631,11.94738465,9.3,32.3
583,Mezquida,VAN,RSL,42476,10,28.9,0,pass,left,open,-1,25.61695543,10.66255129,10,21.1
584,Manneh,VAN,RSL,42476,16.2,35.5,0,self,right,open,-1,12.96408076,19.1971352,16.2,14.5
585,Movsisyan,RSL,VAN,42476,3.5,21.7,0,cross,left,open,0,48.0127875,4.949747468,3.5,28.3
586,Martinez,RSL,VAN,42476,5.7,29.7,1,self,right,open,0,31.79164231,7.262231062,5.7,20.3
587,Plata,RSL,VAN,42476,9.4,34.4,0,self,left,open,1,16.04508088,13.15294644,9.4,15.6
588,Martinez,RSL,VAN,42476,16.9,21,0,self,left,open,1,16.59668009,17.41407477,16.9,29
589,Plata,RSL,VAN,42476,6.4,31.7,0,self,left,open,1,22.82069829,9.121951546,6.4,18.3
590,Amarikwa,SJ,POR,42476,16,26.4,0,self,right,open,0,18.3253968,16.0449369,16,23.6
591,Wondolowski,SJ,POR,42476,5.2,23.7,0,cross,header,set-piece,0,50.90614111,5.412023651,5.2,26.3
592,Amarikwa,SJ,POR,42476,16.2,21.1,0,self,right,open,0,17.2743843,16.71077497,16.2,28.9
593,Amarikwa,SJ,POR,42476,16.8,27,0,pass,right,open,0,17.35822685,16.89615341,16.8,23
594,Godoy,SJ,POR,42476,16.2,39,0,pass,left,open,0,10.56450133,21.28097742,16.2,11
596,Dawkins,SJ,POR,42476,6.6,26.9,0,other,header,open,-1,40.34106887,6.815423685,6.6,23.1
597,Mattocks,POR,SJ,42476,7.5,33.6,0,pass,left,open,0,17.53223184,11.26099463,7.5,16.4
598,McInerney,POR,SJ,42476,6.1,17.2,1,other,right,open,0,19.16050533,10.06031809,6.1,32.8
599,Adi,POR,SJ,42476,5.4,24.1,1,other,right,open,1,50.42398937,5.510898293,5.4,25.9
600,Valeri,POR,SJ,42476,0.9,36.5,0,self,right,open,1,2.122103122,11.33578405,0.9,13.5
601,Adi,POR,SJ,42476,4.6,26.6,1,pass,right,open,1,54.66221153,4.808326112,4.6,23.4
602,Pontius,PHI,SEA,42476,18.2,28.2,0,pass,right,open,0,15.78792069,18.44559568,18.2,21.8
603,Barnetta,PHI,SEA,42476,6.3,17.3,0,self,right,open,-1,19.55694495,10.10445446,6.3,32.7
604,Le Toux,PHI,SEA,42476,14,22.2,1,pass,right,open,-2,20.27388404,14.31782106,14,27.8
605,Morris,SEA,PHI,42476,10.9,23.8,0,self,right,open,0,26.5387928,10.98954048,10.9,26.2
606,Ivanschitz,SEA,PHI,42476,15.5,13.6,0,pass,left,open,0,12.50376767,19.36001033,15.5,36.4
607,Ivanschitz,SEA,PHI,42476,9.9,25.3,0,cross,right,open,0,29.40597729,9.900505038,9.9,24.7
608,Marshall,SEA,PHI,42476,3.7,27.3,1,cross,header,set-piece,0,57.57893524,4.254409477,3.7,22.7
609,Ivanschitz,SEA,PHI,42476,13.3,27.9,0,pass,left,open,1,21.17458303,13.57129323,13.3,22.1
610,Morris,SEA,PHI,42476,6.2,23.4,0,pass,right,open,1,43.27681999,6.456004957,6.2,26.6
611,Morris,SEA,PHI,42476,7.9,29.3,1,cross,left,open,1,28.99026078,8.90056178,7.9,20.7
612,Valdez,SEA,PHI,42476,12.8,16.3,0,pass,right,open,1,15.95774896,15.59006094,12.8,33.7
613,Zubar,NYRB,CO,42476,6.9,28.1,1,cross,header,open,-1,35.41504423,7.48465096,6.9,21.9
614,Kljestan,NYRB,CO,42476,20.5,21.9,0,pass,right,open,0,14.141344,20.763911,20.5,28.1
615,Muyl,NYRB,CO,42476,2.2,28.4,0,cross,right,open,0,49.88059005,3.883297568,2.2,21.6
616,Jones,CO,NYRB,42476,5.4,26.9,1,cross,right,open,0,47.19161424,5.661271942,5.4,23.1
617,Jones,CO,NYRB,42476,14.1,21.2,0,pass,right,open,1,19.54881727,14.65639792,14.1,28.8
618,Pappa,CO,NYRB,42476,14.2,29.4,0,pass,left,open,1,19.01703396,14.80810589,14.2,20.6
619,Badji,CO,NYRB,42476,6.7,25.8,0,cross,header,open,0,41.94390936,6.726812024,6.7,24.2
620,Badji,CO,NYRB,42476,8.6,32.9,1,pass,left,open,0,19.03623178,11.54339638,8.6,17.1
621,Badji,CO,NYRB,42476,8.1,32.7,0,pass,right,open,1,19.62248064,11.0390217,8.1,17.3
622,Villa,NYCFC,COL,42476,5.7,29.7,1,cross,header,open,-1,31.79164231,7.262231062,5.7,20.3
623,Matarrita,NYCFC,COL,42476,18.8,28.8,0,self,left,open,0,15.14766238,19.14157778,18.8,21.2
625,Mullins,NYCFC,COL,42476,12.3,34.4,0,pass,left,open,-1,15.35686512,15.36001302,12.3,15.6
626,Mullins,NYCFC,COL,42476,1.5,27.1,0,cross,left,open,-1,90.73452103,2.420743687,1.5,22.9
627,Finlay,COL,NYCFC,42476,8.1,21.2,1,other,right,open,0,29.88612165,9.033825325,8.1,28.8
628,Finlay,COL,NYCFC,42476,4.7,17,0,pass,right,open,0,17.12302773,9.451454914,4.7,33
629,K. Kamara,COL,NYCFC,42476,14.4,16.1,1,pass,right,open,0,14.98187479,17.03437701,14.4,33.9
630,Meram,COL,NYCFC,42476,6.5,23.4,1,pass,right,open,1,41.6148412,6.744627492,6.5,26.6
631,Giovinco,TOR,DC,42476,4,26.7,1,pass,left,open,0,59.75041414,4.272001873,4,23.3
632,Altidore,TOR,DC,42476,14.9,20.8,0,pass,right,open,1,18.4017296,15.53608702,14.9,29.2
633,Johnson,TOR,DC,42476,12.4,30.2,0,pass,right,open,1,20.32914101,13.37011593,12.4,19.8
634,Espindola,DC,TOR,42476,7.3,38,0,pass,left,open,-1,9.988718881,14.73533169,7.3,12
635,Nyarko,DC,TOR,42476,11.8,25.3,0,pass,right,open,-1,24.83705024,11.80042372,11.8,24.7
636,Espindola,DC,TOR,42476,17.8,33.8,0,self,right,open,-1,13.43353408,19.76866207,17.8,16.2
637,Camara,MTL,CHI,42476,3.4,21.5,0,cross,header,set-piece,0,46.03922783,5.024937811,3.4,28.5
638,Shipp,MTL,CHI,42476,12.7,18.6,0,pass,right,open,-1,18.66588334,14.31258188,12.7,31.4
639,Drogba,MTL,CHI,42476,4.7,24.2,1,cross,right,open,-1,56.83791398,4.805205511,4.7,25.8
640,Drogba,MTL,CHI,42476,9.7,30.8,0,pass,left,open,0,22.63432475,11.20044642,9.7,19.2
641,Piatti,MTL,CHI,42476,16.4,35,0,self,right,open,0,13.24898399,19.10497317,16.4,15
642,Piatti,MTL,CHI,42476,15.4,39,1,pass,right,open,0,10.63652931,20.67849124,15.4,11
643,Igboananike,CHI,MTL,42476,13.6,38.1,1,pass,right,open,0,11.42926112,18.74486596,13.6,11.9
644,Morrell,CHI,MTL,42476,9.3,23.3,0,pass,left,open,0,30.34173714,9.49210198,9.3,26.7
645,Dwyer,SKC,DAL,42477,5.9,26.8,0,cross,header,set-piece,0,44.43602878,6.113100686,5.9,23.2
646,Dwyer,SKC,DAL,42477,1.4,23.2,0,cross,left,set-piece,0,102.0947571,2.441311123,1.4,26.8
647,Olum,SKC,DAL,42477,0.2,24.5,1,pass,right,set-piece,0,170.868282,0.728010989,0.2,25.5
648,Espinoza,SKC,DAL,42477,17.6,29.8,0,pass,left,open,0,15.67952412,18.19120667,17.6,20.2
649,Medranda,SKC,DAL,42477,10.4,27.7,0,pass,left,open,0,26.45318672,10.69626103,10.4,22.3
650,Davis,SKC,DAL,42477,16.4,25.2,0,self,left,set-piece,-1,18.01443689,16.4,16.4,24.8
651,Espinoza,SKC,DAL,42477,16.6,22.2,0,other,right,open,-1,17.32949208,16.86890631,16.6,27.8
652,Acosta,DAL,SKC,42477,21.9,21.4,0,pass,right,open,0,13.19265449,22.22723555,21.9,28.6
653,Barrios,DAL,SKC,42477,5.7,18.5,1,pass,left,open,-1,23.55771159,8.796590248,5.7,31.5
654,Ulloa,DAL,SKC,42477,4.7,32.3,0,pass,left,open,0,19.60408815,8.514693183,4.7,17.7
655,Castillo,DAL,SKC,42477,15.3,37.2,0,self,right,open,0,11.94207444,19.44453651,15.3,12.8
656,Rosales,DAL,SKC,42477,15.9,26.9,1,self,right,set-piece,0,18.32334186,15.99062225,15.9,23.1
657,Bunbury,NE,OCSC,42477,3.4,27.3,1,cross,left,open,-1,60.28653852,3.996248241,3.4,22.7
658,Koffie,NE,OCSC,42477,25,29.8,0,pass,right,open,0,11.45968012,25.41967742,25,20.2
659,Nguyen,NE,OCSC,42477,4.4,32.3,0,pass,right,open,0,19.14932302,8.352843827,4.4,17.7
660,Davies,NE,OCSC,42477,10.8,26.8,0,other,left,open,0,26.40274062,10.91787525,10.8,23.2
661,Davies,NE,OCSC,42477,8.4,23.8,0,cross,header,open,0,33.80341214,8.515867542,8.4,26.2
663,Kaka,OCSC,NE,42477,10.1,24.8,1,self,right,open,0,28.8617793,10.10791769,10.1,25.2
664,Kaka,OCSC,NE,42477,19.8,25.3,0,pass,right,open,0,14.9584348,19.80025252,19.8,24.7
665,Kaka,OCSC,NE,42477,2.5,33,0,self,right,open,0,11.57174523,8.190848552,2.5,17
666,Molino,OCSC,NE,42477,13.7,19.1,0,self,right,open,0,18.2738582,14.9966663,13.7,30.9
667,Molino,OCSC,NE,42477,5.8,28.5,1,other,left,open,0,37.62374598,6.673080248,5.8,21.5
668,Akindele,DAL,VAN,42483,6.1,14.5,0,pass,right,open,0,12.70460602,12.31665539,6.1,35.5
669,Urruti,DAL,VAN,42483,16.9,15.2,0,pass,right,open,0,13.19280646,19.63695496,16.9,34.8
670,Barrios,DAL,VAN,42483,4.8,22.3,0,cross,right,open,-1,46.64062159,5.608029957,4.8,27.7
671,Akindele,DAL,VAN,42483,19.8,22.2,0,pass,right,open,-1,14.67639314,20.02598312,19.8,27.8
672,Mezquida,VAN,DAL,42483,2.9,18.1,0,cross,right,open,0,17.02095968,7.669419796,2.9,31.9
673,Techera,VAN,DAL,42483,20.9,18.1,0,other,left,open,0,12.81805614,22.0730605,20.9,31.9
674,Parker,VAN,DAL,42483,3.9,27.8,0,cross,right,set-piece,1,51.2266736,4.687216658,3.9,22.2
675,Harvey,VAN,DAL,42483,9.6,25.7,1,cross,right,set-piece,1,30.16551923,9.613012015,9.6,24.3
676,Mezquida,VAN,DAL,42483,18.1,37.9,0,self,right,open,2,10.93270897,22.11108319,18.1,12.1
677,Laba,VAN,DAL,42483,18.4,20.2,0,pass,right,open,2,15.09049026,19.06724941,18.4,29.8
678,Manneh,VAN,DAL,42483,13.9,35.5,1,pass,right,open,2,13.69131164,17.30028901,13.9,14.5
679,Martinez,RSL,LA,42483,5.5,29.5,1,cross,header,open,0,33.17921752,6.98140387,5.5,20.5
680,Maund,RSL,LA,42483,9.5,19.7,0,cross,header,set-piece,1,23.88048945,10.9772492,9.5,30.3
681,Beckerman,RSL,LA,42483,18.7,22.5,0,cross,right,set-piece,-3,15.56151033,18.89391436,18.7,27.5
683,Garcia,RSL,LA,42483,14.8,14.3,0,pass,right,open,-2,13.25263788,18.3806964,14.8,35.7
684,Phillips,RSL,LA,42483,14.5,28.8,0,other,right,open,-2,19.08473253,14.94021419,14.5,21.2
685,Olave,RSL,LA,42483,8.5,23.2,0,cross,header,open,-3,32.74491586,8.732124598,8.5,26.8
686,Gerrard,LA,RSL,42483,10,25.1,0,self,right,set-piece,0,29.14581859,10.00049999,10,24.9
687,Dos Santos,LA,RSL,42483,9.9,31.8,0,pass,right,open,0,20.52726852,11.89831921,9.9,18.2
688,Magee,LA,RSL,42483,10.1,20.2,0,other,left,open,0,23.94091355,11.26987134,10.1,29.8
689,Zardes,LA,RSL,42483,9.2,28.2,0,pass,left,open,0,28.49736044,9.676776323,9.2,21.8
690,Magee,LA,RSL,42483,15.4,32.9,1,self,right,open,1,15.29567593,17.21772343,15.4,17.1
691,Zardes,LA,RSL,42483,4.6,26.8,1,cross,left,open,0,53.59277692,4.870318265,4.6,23.2
692,Boateng,LA,RSL,42483,8.1,22.8,0,pass,left,open,1,33.47779254,8.448076704,8.1,27.2
693,Dos Santos,LA,RSL,42483,5.4,23.3,1,pass,right,open,1,47.99250222,5.724508713,5.4,26.7
694,Husidic,LA,RSL,42483,8.5,32.6,1,other,left,open,2,19.72888399,11.26987134,8.5,17.4
695,Gerrard,LA,RSL,42483,21.1,29.6,0,pass,right,open,3,13.42659299,21.55388596,21.1,20.4
696,Cole,LA,RSL,42483,7.7,31.4,0,pass,left,open,3,23.18453565,9.885848471,7.7,18.6
697,Gerrard,LA,RSL,42483,11.4,24.7,1,self,right,open,2,25.67906597,11.41095964,11.4,25.3
698,Gomez,SEA,CO,42483,8.9,25.8,0,cross,header,open,-1,32.34166174,8.920201791,8.9,24.2
699,Alonso,SEA,CO,42483,15.5,13.8,0,other,left,open,-1,12.65618514,19.24084198,15.5,36.2
700,Morris,SEA,CO,42483,22.7,19.7,0,other,right,open,-2,12.4057483,23.35679773,22.7,30.3
701,Morris,SEA,CO,42483,10,17.5,1,self,right,open,-2,19.18019727,12.62101422,10,32.5
702,Alonso,SEA,CO,42483,50.1,36.5,0,self,right,set-piece,-2,5.64536573,51.35854359,50.1,13.5
703,Solignac,CO,SEA,42483,14.1,27.7,0,self,right,open,0,20.19421784,14.3199162,14.1,22.3
704,Jones,CO,SEA,42483,5.5,24.2,1,cross,header,open,0,49.84546321,5.590169944,5.5,25.8
705,Badji,CO,SEA,42483,16.8,35.3,0,self,left,open,1,12.89554903,19.60229578,16.8,14.7
706,Solignac,CO,SEA,42483,1.8,25.2,1,cross,right,open,1,110.3948761,1.8,1.8,24.8
707,Gashi,CO,SEA,42483,17.6,17.8,0,self,left,open,2,14.46248028,19.09240687,17.6,32.2
709,Jones,CO,SEA,42483,11.5,39.1,0,self,right,open,1,10.44781755,18.04050997,11.5,10.9
710,Badji,CO,SEA,42483,14,17.4,0,self,left,open,1,16.4221875,16.0262285,14,32.6
711,Doyle,CO,SEA,42483,2.5,21.6,1,cross,left,open,1,49.63546343,4.3829214,2.5,28.4
712,Barnes,HOU,COL,42483,6.3,31.7,0,pass,right,open,0,22.82970424,9.052071586,6.3,18.3
713,Iniguez,HOU,COL,42483,8.1,23.7,0,cross,header,set-piece,-1,34.82781653,8.237718131,8.1,26.3
714,K. Kamara,COL,HOU,42483,10.1,24.9,1,self,right,set-piece,0,28.86940668,10.10445446,10.1,25.1
715,K. Kamara,COL,HOU,42483,0.8,21.3,0,cross,header,set-piece,1,28.79045136,3.981205847,0.8,28.7
716,K. Kamara,COL,HOU,42483,14.4,23.1,0,cross,left,open,1,20.13704539,14.5523194,14.4,26.9
717,O. K. Kamara,COL,HOU,42483,7,16.6,0,pass,right,open,1,17.88463275,11.08873302,7,33.4
718,Meram,COL,HOU,42483,17.2,34.8,0,self,right,set-piece,1,13.07456111,19.6977156,17.2,15.2
719,Meram,COL,HOU,42483,8.8,22.5,0,pass,right,open,1,30.74530186,9.204890005,8.8,27.5
720,Fagundez,NE,DC,42483,8.5,30.7,0,self,right,open,0,24.28072944,10.12422837,8.5,19.3
721,Bunbury,NE,DC,42483,15,26.8,0,other,right,open,0,19.40105406,15.08509198,15,23.2
722,Fagundez,NE,DC,42483,16.9,34.6,0,self,right,open,-1,13.3258781,19.33830396,16.9,15.4
723,Koffie,NE,DC,42483,32.7,21.9,0,self,right,open,-1,9.011974826,32.86609195,32.7,28.1
724,Rowe,NE,DC,42483,5,23.1,0,self,right,open,-1,49.95682289,5.423098745,5,26.9
725,Nguyen,NE,DC,42483,21.7,28.2,0,self,right,open,-2,13.38046811,21.90639176,21.7,21.8
726,Neagle,DC,NE,42483,18.5,15.5,0,self,right,open,0,12.73269933,20.88875295,18.5,34.5
728,Espindola,DC,NE,42483,16.3,13.1,0,self,left,open,1,11.94833737,20.3002463,16.3,36.9
729,Boswell,DC,NE,42483,9.4,22.6,0,cross,header,set-piece,1,29.22805194,9.752948272,9.4,27.4
730,Neagle,DC,NE,42483,19,19.8,0,pass,right,open,1,14.52736231,19.7524682,19,30.2
731,Acosta,DC,NE,42483,20.9,16.2,1,self,right,open,1,12.08743212,22.75543891,20.9,33.8
732,Saborio,DC,NE,42483,6.8,23.8,1,other,right,open,2,40.83112005,6.942621983,6.8,26.2
733,Osorio,TOR,MTL,42483,7.5,31.8,0,cross,header,open,0,22.16577547,9.990495483,7.5,18.2
734,Osorio,TOR,MTL,42483,11.1,27.1,0,pass,left,open,0,25.52808478,11.26143863,11.1,22.9
735,Giovinco,TOR,MTL,42483,9.8,25,1,self,right,open,0,29.7172289,9.802040604,9.8,25
736,Giovinco,TOR,MTL,42483,13.9,32.7,1,pass,left,open,1,16.39029772,15.79430277,13.9,17.3
737,Drogba,MTL,TOR,42483,6.3,23.7,0,other,header,open,-1,43.41877274,6.476109943,6.3,26.3
738,Villa,NYCFC,PHI,42483,10,28.8,0,cross,right,open,0,25.77646966,10.6282642,10,21.2
739,Villa,NYCFC,PHI,42483,10.1,20.3,0,other,right,open,-2,24.11272635,11.225863,10.1,29.7
740,Pontius,PHI,NYCFC,42483,5.8,33.9,0,self,left,open,0,15.86975795,10.4560987,5.8,16.1
741,Rosenberry,PHI,NYCFC,42483,8.9,19.6,0,cross,header,set-piece,0,24.48769817,10.51522705,8.9,30.4
742,Pontius,PHI,NYCFC,42483,4.7,23.7,1,pass,right,open,0,55.14667207,4.933558553,4.7,26.3
743,Sapong,PHI,NYCFC,42483,6.8,24.4,1,pass,left,open,1,41.59066398,6.846897107,6.8,25.6
744,Pontius,PHI,NYCFC,42483,13.1,37.9,0,pass,left,open,2,11.62026137,18.2455474,13.1,12.1
745,Larin,OCSC,NYRB,42484,4.9,23.7,1,cross,right,open,0,53.37554076,5.12445119,4.9,26.3
746,Baptista,OCSC,NYRB,42484,18,22.2,0,self,right,open,1,16.06265066,18.24828759,18,27.8
747,Higuita,OCSC,NYRB,42484,30.3,17.3,0,self,right,open,1,9.220353468,31.31293662,30.3,32.7
748,Grella,NYRB,OCSC,42484,10.7,28.8,0,pass,right,open,-1,24.4859887,11.28937554,10.7,21.2
749,B. Wright-Phillips,NYRB,OCSC,42484,14.1,32.9,0,pass,right,open,-1,16.07378559,16.06549097,14.1,17.1
750,Grella,NYRB,OCSC,42484,5.5,28.9,0,cross,left,open,-1,36.46507136,6.628725368,5.5,21.1
751,B. Wright-Phillips,NYRB,OCSC,42484,1.7,26.8,0,other,header,open,-1,94.0764045,2.334523506,1.7,23.2
752,Martins,NYRB,OCSC,42484,9.3,28.6,0,pass,left,open,-1,27.55281158,9.902019996,9.3,21.4
753,Grella,NYRB,OCSC,42484,8.2,29.9,1,pass,right,open,-1,26.77894143,9.451454914,8.2,20.1
754,B. Wright-Phillips,NYRB,OCSC,42484,0.5,26.8,1,cross,right,open,0,141.5115431,1.676305461,0.5,23.2
755,B. Wright-Phillips,NYRB,OCSC,42484,4.4,24.4,1,cross,left,open,1,60.47132817,4.472135955,4.4,25.6
756,Muyl,NYRB,OCSC,42484,7,33.2,0,pass,left,open,1,18.39097663,10.63014581,7,16.8
757,Muyl,NYRB,OCSC,42484,11.8,34.4,0,other,right,open,1,15.52785764,14.96262009,11.8,15.6
758,Feilhaber,SKC,SJ,42484,23.8,17.8,0,self,right,open,0,11.44104387,24.92388413,23.8,32.2
759,Espinoza,SKC,SJ,42484,27.7,19.4,0,self,left,open,0,10.30904869,28.3007067,27.7,30.6
760,Espinoza,SKC,SJ,42484,29.4,33.7,0,self,left,open,0,9.302863898,30.60408469,29.4,16.3
761,Dwyer,SKC,SJ,42484,6.1,29.6,0,cross,header,open,0,31.57528193,7.521303079,6.1,20.4
762,Zusi,SKC,SJ,42484,9.9,26.7,0,self,left,open,0,28.6718288,10.01299156,9.9,23.3
763,Bernardez,SJ,SKC,42484,21.4,36,0,self,right,open,0,11.00536333,23.97081559,21.4,14
765,Rubio,SKC,VAN,42487,6,23.8,1,pass,right,open,-1,45.48146581,6.16116872,6,26.2
766,Medranda,SKC,VAN,42487,13.8,22.3,0,pass,left,open,0,20.59450449,14.10141837,13.8,27.7
767,Hallisey,SKC,VAN,42487,18.9,19.2,0,other,left,open,0,14.35275085,19.82952344,18.9,30.8
768,bolanos,VAN,SKC,42487,7.9,28.3,1,cross,left,set-piece,0,31.69006233,8.486459804,7.9,21.7
769,Kudo,VAN,SKC,42487,13.8,37,0,self,right,open,0,12.35243603,18.15709228,13.8,13
770,Barmby,POR,NE,42487,9.9,29.1,1,cross,left,open,0,25.47322343,10.64048871,9.9,20.9
771,Barmby,POR,NE,42487,13,36,0,pass,left,open,0,13.42348795,16.90088755,13,14
772,Rowe,NE,POR,42487,12.3,11.4,0,self,right,open,0,10.98552735,18.4859406,12.3,38.6
773,Fagundez,NE,POR,42487,15.4,23.4,0,pass,right,open,-1,18.97040781,15.50483795,15.4,26.6
774,Watson,NE,POR,42487,10.5,22,0,other,right,open,-1,25.89084553,10.9767937,10.5,28
775,Oduro,MTL,NYCFC,42487,1.2,24,1,cross,header,set-piece,-1,124.6951535,1.697056275,1.2,26
776,Villa,NYCFC,MTL,42487,9.1,31.4,0,cross,header,open,0,22.01889452,11.01135777,9.1,18.6
777,McNamara,NYCFC,MTL,42487,10.4,15.1,0,pass,right,open,0,15.17364116,14.49724112,10.4,34.9
778,Allen,NYCFC,MTL,42487,5.7,20.2,1,other,left,open,0,31.28917006,7.582216035,5.7,29.8
779,Villa,NYCFC,MTL,42487,8.6,15.4,0,self,right,open,1,15.67531422,13.03840481,8.6,34.6
780,Villa,NYCFC,MTL,42487,18.5,28.8,0,self,right,open,1,15.37157028,18.84701568,18.5,21.2
781,Diaz,DAL,NYRB,42489,18.2,19.6,0,pass,right,open,0,14.98222881,19.04205871,18.2,30.4
782,Urruti,DAL,NYRB,42489,13.5,35.8,0,self,right,open,0,13.51220004,17.16420694,13.5,14.2
783,Gruezo,DAL,NYRB,42489,22.6,18.4,0,self,right,open,-1,12.11333547,23.60084744,22.6,31.6
784,Urruti,DAL,NYRB,42489,17.6,28.7,0,self,right,open,-2,16.11872449,17.94463708,17.6,21.3
785,Martins,NYRB,DAL,42489,22.8,21.7,0,pass,right,open,0,12.74976008,23.0670761,22.8,28.3
786,Grella,NYRB,DAL,42489,8.1,31.3,0,self,right,open,0,23.1438319,10.14001972,8.1,18.7
787,Sam,NYRB,DAL,42489,2.4,26.2,1,pass,right,open,0,87.98079285,2.6,2.4,23.8
788,Sam,NYRB,DAL,42489,41,18.7,0,other,right,open,1,7.090740864,41.51204644,41,31.3
789,Kljestan,NYRB,DAL,42489,8.6,24.1,1,other,header,open,1,33.32693425,8.670063437,8.6,25.9
790,B. Wright-Phillips,NYRB,DAL,42489,13,21.5,0,pass,right,open,2,21.17710267,13.51628647,13,28.5
791,Grella,NYRB,DAL,42489,5.6,25.9,1,cross,header,open,3,48.89217433,5.643580424,5.6,24.1
792,Martins,NYRB,DAL,42489,18,28.1,1,pass,right,open,3,15.98011851,18.23211452,18,21.9
793,Barnes,HOU,RSL,42490,7,20.3,0,other,header,set-piece,0,29.50258883,8.544588931,7,29.7
794,Clark,HOU,RSL,42490,10.7,21.8,0,pass,left,open,0,25.25068968,11.22719912,10.7,28.2
795,Miranda,HOU,RSL,42490,15.2,36.5,1,self,right,open,0,12.49987775,18.94016895,15.2,13.5
796,Miranda,HOU,RSL,42490,8.8,32.3,0,cross,right,open,-1,20.26019084,11.30707743,8.8,17.7
797,Bruin,HOU,RSL,42490,5,24.7,0,other,right,open,-1,54.81616338,5.024937811,5,25.3
798,Martinez,RSL,HOU,42490,6.3,30.4,0,self,right,open,0,27.81707897,8.168843247,6.3,19.6
799,Martinez,RSL,HOU,42490,4,31.7,0,cross,right,open,0,21.01977657,7.632168761,4,18.3
800,Beltran,RSL,HOU,42490,13.7,12.5,0,self,left,open,-1,11.93010114,18.6810064,13.7,37.5
801,Allen,RSL,HOU,42490,9,19.1,1,pass,right,open,-1,23.22711953,10.87244223,9,30.9
802,Movsisyan,RSL,HOU,42490,5.4,27.2,1,cross,left,open,0,45.86993414,5.75847202,5.4,22.8
803,Morales,RSL,HOU,42490,8.5,40.5,0,self,right,set-piece,1,8.226103213,17.50257124,8.5,9.5
804,Molino,OCSC,NE,42490,6.2,30.3,1,other,left,open,-1,28.34246947,8.028075735,6.2,19.7
805,Shea,OCSC,NE,42490,30.6,33.7,0,self,left,open,-1,8.994312411,31.75862088,30.6,16.3
806,Baptista,OCSC,NE,42490,7.4,24.7,0,cross,header,open,-1,38.66561963,7.416872656,7.4,25.3
807,Rivas,OCSC,NE,42490,5.3,24.8,1,cross,left,open,-1,52.21003128,5.315072906,5.3,25.2
808,Fagundez,NE,OCSC,42490,6.3,21.6,1,pass,right,open,0,36.36589695,7.256031973,6.3,28.4
809,Fagundez,NE,OCSC,42490,15.4,22.8,0,other,right,open,0,18.79951364,15.58589106,15.4,27.2
810,Rowe,NE,OCSC,42490,19.2,21.3,0,pass,right,open,0,14.88697027,19.59209024,19.2,28.7
811,Agudelo,NE,OCSC,42490,4.3,23.8,1,cross,right,open,0,59.50199098,4.522167622,4.3,26.2
812,Smith,NE,OCSC,42490,5.9,23.6,0,pass,left,open,0,45.6325031,6.113100686,5.9,26.4
813,Agudelo,NE,OCSC,42490,4.8,25.3,0,cross,header,open,0,56.74115999,4.801041554,4.8,24.7
814,Neagle,DC,CHI,42490,15.3,26.9,0,self,right,open,0,19.00908913,15.39415473,15.3,23.1
815,Kemp,DC,CHI,42490,16.4,4.2,0,self,left,set-piece,0,6.997106069,26.64507459,16.4,45.8
816,Neagle,DC,CHI,42490,14.5,42.2,0,self,right,open,-1,8.586923624,22.34390297,14.5,7.8
817,Nyarko,DC,CHI,42490,4.5,23.7,1,cross,header,open,-1,57.02780145,4.74341649,4.5,26.3
818,Campbell,CHI,DC,42490,5.4,27,1,cross,right,set-piece,0,46.76627049,5.692099788,5.4,23
819,Rivero,VAN,NYCFC,42490,1.5,27.3,1,other,right,open,0,84.28940686,2.58069758,1.5,22.7
820,Bolanos,VAN,NYCFC,42490,7.3,17.6,0,self,right,open,0,20.54426617,10.53802638,7.3,32.4
821,Manneh,VAN,NYCFC,42490,5.6,33.4,0,self,right,open,-1,17.01468328,9.92975327,5.6,16.6
822,Bolanos,VAN,NYCFC,42490,9.8,24.9,0,self,right,set-piece,-1,29.71446623,9.804590761,9.8,25.1
823,Bolanos,VAN,NYCFC,42490,2.3,26,1,other,right,open,-1,92.25043202,2.435159132,2.3,24
824,Hurtado,VAN,NYCFC,42490,7,17.9,0,pass,right,open,-1,21.44869298,10.11385189,7,32.1
825,Villa,NYCFC,VAN,42490,13.4,19.5,1,pass,right,open,-1,18.940514,14.56193668,13.4,30.5
826,Villa,NYCFC,VAN,42490,5.5,20.8,1,cross,right,open,0,34.81305931,7.043436661,5.5,29.2
827,Mendoza,NYCFC,VAN,42490,13.6,17.9,1,pass,left,open,0,17.18933772,15.43534904,13.6,32.1
828,Villa,NYCFC,VAN,42490,21.6,18.8,0,pass,right,open,1,12.70402361,22.52820454,21.6,31.2
829,Mendoza,NYCFC,VAN,42490,12.2,29.3,0,other,left,open,1,21.55860349,12.87050893,12.2,20.7
830,Diskerud,NYCFC,VAN,42490,1.3,32.1,0,pass,right,open,1,8.480087646,7.021395873,1.3,17.9
831,Jones,CO,MTL,42490,18.8,30.6,0,self,right,open,-1,14.49889313,19.5601636,18.8,19.4
832,Solignac,CO,MTL,42490,6.3,26.8,0,cross,header,set-piece,-1,42.16785933,6.5,6.3,23.2
833,Gashi,CO,MTL,42490,22.8,20.3,0,pass,left,open,-1,12.49139395,23.32059176,22.8,29.7
834,Gashi,CO,MTL,42490,5.3,24.6,1,cross,right,open,-1,52.05455956,5.333854141,5.3,25.4
835,Burling,CO,MTL,42490,2.5,24.7,1,other,right,set-piece,-1,91.85045077,2.549509757,2.5,25.3
836,Drogba,MTL,CO,42490,18.5,31.1,1,self,right,set-piece,0,14.47308373,19.41803286,18.5,18.9
837,Bekker,MTL,CO,42490,18.8,29.4,0,pass,left,open,1,14.95323805,19.26343687,18.8,20.6
838,Tissot,MTL,CO,42490,23.6,33.8,1,pass,right,open,0,11.06324511,25.11812095,23.6,16.2
839,Wondolowski,SJ,PHI,42490,17.2,17.8,0,pass,left,open,-1,14.70020635,18.72431574,17.2,32.2
840,Dawkins,SJ,PHI,42490,19.9,21.8,0,pass,right,open,-1,14.52216027,20.18836298,19.9,28.2
841,Dawkins,SJ,PHI,42490,14.2,24.9,1,self,left,open,-1,20.75071575,14.20316866,14.2,25.1
842,Sapong,PHI,SJ,42490,10.2,26.5,0,cross,header,open,0,28.05336115,10.28250942,10.2,23.5
843,Pontius,PHI,SJ,42490,5.6,26.3,1,cross,header,set-piece,0,47.92377346,5.707013229,5.6,23.7
844,Higuain,COL,SEA,42490,18,34.9,0,pass,right,open,0,12.70254357,20.4472492,18,15.1
845,Afful,COL,SEA,42490,12.6,14.1,0,pass,left,open,0,13.60083265,16.79196236,12.6,35.9
846,Higuain,COL,SEA,42490,13.3,29.4,0,pass,left,open,0,20.05105488,13.94740119,13.3,20.6
847,K. Kamara,COL,SEA,42490,10.9,19.6,0,pass,right,open,0,21.8699342,12.25438697,10.9,30.4
848,Higuain,COL,SEA,42490,12,27.1,0,pass,right,open,0,23.77456686,12.14948559,12,22.9
849,Gomez,SEA,COL,42490,15.8,24.4,0,pass,right,open,0,18.66360003,15.8202402,15.8,25.6
850,Jones,SEA,COL,42490,11.4,31.8,0,pass,left,open,0,19.28281601,13.17269904,11.4,18.2
851,Dempsey,SEA,COL,42490,4.3,29.6,0,cross,right,set-piece,0,34.20950732,6.152235366,4.3,20.4
852,Kovar,SEA,COL,42490,20.9,16.6,0,self,left,open,0,12.24856973,22.60022124,20.9,33.4
853,Gomez,SEA,COL,42490,15.2,37.5,0,pass,right,open,0,11.73407234,19.5532606,15.2,12.5
854,Gomez,SEA,COL,42490,6.3,14.9,0,self,right,open,0,13.64595128,12.07393888,6.3,35.1
855,Anderson,SEA,COL,42490,5.9,27.7,0,cross,left,open,0,40.96249257,6.407807737,5.9,22.3
856,Morris,SEA,COL,42490,1.8,25.1,1,other,left,open,0,110.5560452,1.802775638,1.8,24.9
857,Dos Santos,LA,SKC,42491,9.6,20.5,1,pass,right,open,-1,25.29090064,10.68877916,9.6,29.5
858,Davis,SKC,LA,42491,13.4,14.2,1,self,left,open,0,13.53585637,17.33666635,13.4,35.8
859,Davis,SKC,LA,42491,21.4,11.5,0,self,left,open,0,9.963650048,25.40964384,21.4,38.5
860,Giovinco,TOR,POR,42491,23.6,31.9,0,pass,left,open,0,11.60066495,24.53263133,23.6,18.1
861,Johnson,TOR,POR,42491,14.4,28.3,0,pass,right,open,-1,19.49698196,14.72990156,14.4,21.7
862,Moor,TOR,POR,42491,3.5,26.6,0,cross,header,set-piece,0,66.13982481,3.769615365,3.5,23.4
863,Altidore,TOR,POR,42491,4.8,25.6,0,cross,header,set-piece,0,56.30993247,4.816637832,4.8,24.4
864,Bradley,TOR,POR,42491,16.4,30.3,0,pass,right,open,-1,16.37147954,17.17469068,16.4,19.7
865,Johnson,TOR,POR,42491,3,22.7,0,cross,header,open,-1,64.23375379,3.905124838,3,27.3
866,Valeri,POR,TOR,42491,17.5,36,0,pass,right,open,0,12.21130439,20.56428944,17.5,14
867,Adi,POR,TOR,42491,6.1,27.9,1,pass,right,open,0,39.22350718,6.670832032,6.1,22.1
868,Valeri,POR,TOR,42491,22,30.4,1,self,right,set-piece,0,12.72991191,22.60619384,22,19.6
869,B. Wright-Phillips,NYRB,OCSC,42496,10.2,21.2,1,pass,right,open,0,25.39641915,10.95627674,10.2,28.8
870,Martins,NYRB,OCSC,42496,8.1,22.5,0,pass,right,open,0,32.9030533,8.538149682,8.1,27.5
871,Kaka,OCSC,NYRB,42496,19.8,20.9,0,self,right,open,-1,14.36267441,20.26153992,19.8,29.1
872,Larin,OCSC,NYRB,42496,3.4,28.3,0,other,right,open,-1,48.41275783,4.601086828,3.4,21.7
873,Molino,OCSC,NYRB,42496,6.5,27.3,1,pass,right,open,-1,39.65321853,6.830812543,6.5,22.7
874,Ramos,OCSC,NYRB,42496,8,15.4,0,pass,right,open,0,15.55970826,12.65069168,8,34.6
875,Barrett,SJ,SEA,42497,6.8,24.3,0,other,right,open,-1,41.4980148,6.859300256,6.8,25.7
876,Dawkins,SJ,SEA,42497,19.2,20.7,0,self,right,set-piece,-1,14.70729983,19.72029412,19.2,29.3
878,Dempsey,SEA,SJ,42497,5.5,22,0,cross,header,open,0,41.35652194,6.363175308,5.5,28
879,Gomez,SEA,SJ,42497,12.8,26.4,0,pass,right,open,0,22.70984968,12.85612694,12.8,23.6
880,Dempsey,SEA,SJ,42497,10.8,24.2,1,pass,right,open,0,26.93709646,10.84619749,10.8,25.8
881,Friberg,SEA,SJ,42497,15.7,27.3,0,other,right,open,1,18.4279333,15.83982323,15.7,22.7
882,Marshall,SEA,SJ,42497,4.9,18.4,0,cross,header,open,1,22.73417292,8.381527307,4.9,31.6
883,Morris,SEA,SJ,42497,13.4,20.7,0,pass,right,open,1,20.0148452,14.13541651,13.4,29.3
884,Morris,SEA,SJ,42497,6.1,17.9,0,pass,right,open,1,21.41923097,9.513148795,6.1,32.1
885,Morris,SEA,SJ,42497,2.6,29.1,0,cross,header,open,1,38.8091345,4.687216658,2.6,20.9
886,Morris,SEA,SJ,42497,23.7,26.7,1,pass,right,open,1,12.45831477,23.74742091,23.7,23.3
887,Ivanschitz,SEA,SJ,42497,14.1,34.7,0,self,right,open,2,14.37214452,17.00176461,14.1,15.3
888,Martinez,RSL,CO,42497,16,34.7,0,self,right,open,0,13.62202736,18.60779407,16,15.3
889,Beckerman,RSL,CO,42497,22.8,27.8,0,pass,right,open,-1,12.8219496,22.94776678,22.8,22.2
890,Morales,RSL,CO,42497,18.4,37.6,0,self,right,open,-1,11.03654936,22.1882852,18.4,12.4
891,Beckerman,RSL,CO,42497,13.3,24,0,pass,left,open,-1,22.00546615,13.35402561,13.3,26
892,Cronin,CO,RSL,42497,21.6,33.8,0,self,right,open,0,11.80865678,23.249086,21.6,16.2
893,Jones,CO,RSL,42497,11.5,28.6,1,pass,right,open,0,23.36071736,11.99208072,11.5,21.4
894,Burling,CO,RSL,42497,7.4,20.8,0,cross,right,open,1,30.38002206,8.6092973,7.4,29.2
895,Gashi,CO,RSL,42497,19.5,11.3,0,self,left,open,1,10.24230064,23.94702487,19.5,38.7
896,Sinovic,SKC,HOU,42497,3.8,30,0,cross,header,open,-2,31.15930451,6.122091146,3.8,20
897,Dwyer,SKC,HOU,42497,18.6,18.6,0,pass,left,open,-2,14.27430143,19.73626104,18.6,31.4
898,Sinovic,SKC,HOU,42497,16.9,30,0,other,right,open,-2,16.13101416,17.56843761,16.9,20
899,Wenger,HOU,SKC,42497,15.6,18.3,0,other,left,open,0,16.07596322,17.05784277,15.6,31.7
900,Barnes,HOU,SKC,42497,15.6,34.7,1,pass,left,open,0,13.78279982,18.26499384,15.6,15.3
901,Maidana,HOU,SKC,42497,10.7,20.2,0,self,right,open,1,23.04877513,11.81058847,10.7,29.8
902,Clark,HOU,SKC,42497,10.4,23.8,0,cross,header,open,1,27.73833013,10.4938077,10.4,26.2
903,Wenger,HOU,SKC,42497,9,33,1,pass,left,open,1,18.70310184,11.90965994,9,17
904,Maidana,HOU,SKC,42497,16.2,5.8,0,self,left,set-piece,2,7.684554098,25.27449307,16.2,44.2
905,Bruin,HOU,SKC,42497,5,26,0,other,header,set-piece,2,53.49855888,5.06359556,5,24
906,Horst,HOU,SKC,42497,9.2,27,0,other,right,open,2,30.29644818,9.374433316,9.2,23
907,Shipp,MTL,COL,42497,5.9,20.9,0,pass,right,open,0,34.36843844,7.300684899,5.9,29.1
908,Piatti,MTL,COL,42497,6.8,22.3,0,other,right,open,0,37.09074602,7.392563831,6.8,27.7
909,Piatti,MTL,COL,42497,9.7,32.3,1,pass,right,open,-1,19.73276798,12.02081528,9.7,17.7
910,Drogba,MTL,COL,42497,22.3,19.3,0,self,right,set-piece,-2,12.50096663,23.06729286,22.3,30.7
911,Oyongo,MTL,COL,42497,15.6,18.8,0,self,left,open,-3,16.43283961,16.86179113,15.6,31.2
912,Ciman,MTL,COL,42497,11.1,28.9,0,other,left,set-piece,-3,23.67273866,11.70042734,11.1,21.1
913,Oduro,MTL,COL,42497,1.4,26.9,0,other,left,open,-3,99.28355281,2.202271555,1.4,23.1
914,Drogba,MTL,COL,42497,2.2,28.1,0,other,right,set-piece,-3,56.09089535,3.640054945,2.2,21.9
915,Drogba,MTL,COL,42497,10,24.9,1,self,right,set-piece,-3,29.14581859,10.00449899,10,25.1
916,Piatti,MTL,COL,42497,8.8,23.4,1,self,right,open,-2,31.99694412,8.982204629,8.8,26.6
917,Drogba,MTL,COL,42497,29.8,31.3,0,self,right,set-piece,-1,9.550977199,30.41792235,29.8,18.7
918,Drogba,MTL,COL,42497,5.4,21,0,cross,header,open,-1,36.17613806,6.841052551,5.4,29
919,Salazar,MTL,COL,42497,5.9,24.9,0,cross,header,open,-1,47.55389023,5.907622195,5.9,25.1
920,Drogba,MTL,COL,42497,14.7,21.3,0,self,left,open,-1,18.91912698,15.20855023,14.7,28.7
921,Oduro,MTL,COL,42497,5.2,27,1,other,right,set-piece,-1,48.07841301,5.502726597,5.2,23
922,K. Kamara,COL,MTL,42497,5.9,24.9,1,cross,header,open,0,47.55389023,5.907622195,5.9,25.1
923,K. Kamara,COL,MTL,42497,5.5,23.4,0,cross,header,set-piece,0,47.67151588,5.787054518,5.5,26.6
924,K. Kamara,COL,MTL,42497,4.4,24.2,0,cross,header,open,0,59.94326412,4.512205669,4.4,25.8
925,K. Kamara,COL,MTL,42497,5,26.6,0,other,header,open,0,51.34019175,5.192301994,5,23.4
926,K. Kamara,COL,MTL,42497,4.2,28.6,1,other,right,open,0,42.4930293,5.403702434,4.2,21.4
927,Higuain,COL,MTL,42497,2.1,22.3,1,other,right,open,1,65.65891006,3.580502758,2.1,27.7
929,Urruti,DAL,TOR,42497,5.9,16.2,0,pass,right,set-piece,0,16.21618753,10.76150547,5.9,33.8
930,Castillo,DAL,TOR,42497,18.3,33.7,0,self,right,open,-1,13.25981467,20.17771047,18.3,16.3
931,Figueroa,DAL,TOR,42497,5,24.2,0,cross,header,set-piece,-1,54.01457849,5.099019514,5,25.8
932,Castillo,DAL,TOR,42497,10.2,28.2,0,pass,right,open,-1,26.25728809,10.63202709,10.2,21.8
933,Giovinco,TOR,DAL,42497,20.9,12.5,0,self,right,open,0,10.50148501,24.45608309,20.9,37.5
934,Endoh,TOR,DAL,42497,5.1,27.4,1,cross,left,open,0,46.67847616,5.554277631,5.1,22.6
935,Giovinco,TOR,DAL,42497,20.9,19.7,0,self,right,open,1,13.34503473,21.61157097,20.9,30.3
936,Giovinco,TOR,DAL,42497,23.9,38.3,0,self,right,set-piece,1,9.516706767,27.25472436,23.9,11.7
937,Mattocks,POR,VAN,42497,2,33.6,0,pass,right,open,0,8.310277168,8.634813258,2,16.4
938,Ridgewell,POR,VAN,42497,6.2,20.8,0,cross,header,set-piece,0,33.17225119,7.602631123,6.2,29.2
939,Borchers,POR,VAN,42497,0.2,23.2,1,pass,right,open,0,163.3611943,2.009975124,0.2,26.8
940,Adi,POR,VAN,42497,14.5,27.4,0,pass,left,open,1,19.81584254,14.66594695,14.5,22.6
941,Adi,POR,VAN,42497,19.2,34.9,0,pass,right,open,0,12.24858332,21.51115989,19.2,15.1
942,Mezquida,VAN,POR,42497,25.3,18.3,0,pass,right,open,0,10.97780655,26.22403478,25.3,31.7
943,Kudo,VAN,POR,42497,15.6,22.1,0,self,right,open,0,18.31911484,15.90503065,15.6,27.9
944,Mezquida,VAN,POR,42497,6.4,16.3,0,pass,right,open,-1,16.84884747,10.96220781,6.4,33.7
945,Waston,VAN,POR,42497,5.5,22,0,cross,header,set-piece,-1,41.35652194,6.363175308,5.5,28
946,Mezquida,VAN,POR,42497,17.3,16.4,0,pass,right,open,-1,13.79136287,19.40953374,17.3,33.6
947,Bolanos,VAN,POR,42497,12.6,22,0,pass,left,open,-1,22.14418601,13,12.6,28
948,Kudo,VAN,POR,42497,3.7,33.3,1,pass,left,open,-1,14.23876398,8.905054744,3.7,16.7
949,Bolanos,VAN,POR,42497,4.5,23.1,1,cross,header,open,0,53.84181456,4.965883607,4.5,26.9
950,Parker,VAN,POR,42497,5.9,25.3,0,cross,header,set-piece,1,47.47264403,5.900847397,5.9,24.7
951,Perez,VAN,POR,42497,4.4,32.1,0,cross,left,open,1,19.95681836,8.183520025,4.4,17.9
952,Waston,VAN,POR,42497,6.4,28.7,0,other,header,open,1,34.79643651,7.29451849,6.4,21.3
953,Waston,VAN,POR,42497,5.5,26.8,0,cross,header,set-piece,1,46.93570108,5.728001397,5.5,23.2
954,Hurtado,VAN,POR,42497,9.7,33.2,0,pass,right,open,1,18.07278058,12.57338459,9.7,16.8
955,Villa,NYCFC,DC,42498,10.9,33.8,0,pass,left,open,0,16.65290684,13.88416364,10.9,16.2
956,Villa,NYCFC,DC,42498,10.9,26.2,1,pass,right,open,0,26.5387928,10.94577544,10.9,23.8
957,Shelton,NYCFC,DC,42498,5.6,25.5,1,cross,header,open,1,49.52370587,5.608029957,5.6,24.5
958,Pirlo,NYCFC,DC,42498,10.1,29.6,0,other,right,open,2,24.28318201,11.01680534,10.1,20.4
959,Villa,NYCFC,DC,42498,7.4,22.8,0,pass,left,set-piece,2,36.06346196,7.779460136,7.4,27.2
960,Sarvas,DC,NYCFC,42498,15.2,23.9,0,self,right,set-piece,-2,19.31686606,15.25549081,15.2,26.1
961,Sarvas,DC,NYCFC,42498,16.6,29.3,0,self,right,set-piece,-2,16.7235759,17.09883037,16.6,20.7
962,Rowe,NE,LA,42498,18.1,15.8,0,pass,right,set-piece,-1,13.06776166,20.39534261,18.1,34.2
963,Rowe,NE,LA,42498,6.1,22.5,0,cross,right,open,-1,40.83702569,6.670832032,6.1,27.5
964,Rowe,NE,LA,42498,20.5,32,0,pass,right,open,-1,12.97950602,21.59837957,20.5,18
965,Watson,NE,LA,42498,1.3,39.1,0,self,right,open,-2,1.998360701,13.96065901,1.3,10.9
966,Watson,NE,LA,42498,16.1,31.7,0,pass,right,open,-2,15.72526574,17.36260349,16.1,18.3
967,Bunbury,NE,LA,42498,10.3,16.4,0,self,right,open,-3,17.17519026,13.54732446,10.3,33.6
968,Rowe,NE,LA,42498,17.2,29.8,1,self,left,open,-3,15.98999687,17.80449381,17.2,20.2
969,Agudelo,NE,LA,42498,5.3,23.8,1,cross,right,open,-2,50.43657144,5.481788029,5.3,26.2
970,Agudelo,NE,LA,42498,9.9,21.4,0,other,left,open,-1,26.28948684,10.60424443,9.9,28.6
971,Keane,LA,NE,42498,2.1,27.7,1,cross,left,open,0,65.65891006,3.264965543,2.1,22.3
972,Dos Santos,LA,NE,42498,16.7,22.3,1,other,left,open,1,17.26454605,16.94992625,16.7,27.7
973,Dos Santos,LA,NE,42498,17.3,28,0,pass,left,open,2,16.6122153,17.52512482,17.3,22
974,Van Damme,LA,NE,42498,9.2,30.1,0,cross,header,open,2,24.72545842,10.42353107,9.2,19.9
975,Keane,LA,NE,42498,15.5,19.2,0,pass,right,open,2,16.78991511,16.62077014,15.5,30.8
976,Keane,LA,NE,42498,6.3,24.8,0,cross,header,open,2,44.81694701,6.312685641,6.3,25.2
977,Keane,LA,NE,42498,0.9,23.3,1,pass,left,open,2,123.1785117,2.102379604,0.9,26.7
978,Rogers,LA,NE,42498,9.4,27.4,0,pass,left,open,3,29.22805194,9.654014709,9.4,22.6
979,Gerrard,LA,NE,42498,4.6,31.7,1,self,left,open,1,21.97115454,7.963039621,4.6,18.3
980,Valeri,POR,DAL,42501,6,27.3,1,pass,right,open,0,42.09977234,6.35688603,6,22.7
981,Ridgewell,POR,DAL,42501,5.5,27,0,cross,header,set-piece,1,46.13371394,5.787054518,5.5,23
982,Valeri,POR,DAL,42501,26,20.1,0,self,right,set-piece,1,11.03550283,26.49547131,26,29.9
983,Mattocks,POR,DAL,42501,6.2,32.3,0,pass,right,open,1,20.77814937,9.426027795,6.2,17.7
984,Barmby,POR,DAL,42501,21.4,28.9,0,self,left,open,-1,13.41923317,21.71750446,21.4,21.1
985,Urruti,DAL,POR,42501,8.5,25.9,0,pass,right,open,0,33.69006753,8.528774824,8.5,24.1
986,Barrios,DAL,POR,42501,12.3,15.3,0,pass,right,open,-1,15.00492038,15.78923684,12.3,34.7
987,Hollingshead,DAL,POR,42501,9.9,23.3,1,pass,right,open,-1,28.6718288,10.08067458,9.9,26.7
988,Zimmerman,DAL,POR,42501,4.9,25.1,1,cross,header,set-piece,0,55.88652148,4.901020302,4.9,24.9
989,Akindele,DAL,POR,42501,13.4,35.4,0,pass,right,open,1,13.9287108,16.84042755,13.4,14.6
990,Akindele,DAL,POR,42501,14.3,33.4,0,pass,right,open,1,15.49139271,16.48423489,14.3,16.6
991,Iniguez,HOU,SJ,42501,9.4,30.3,0,other,right,open,-1,24.01868361,10.69439105,9.4,19.7
992,Clark,HOU,SJ,42501,19.4,18,1,other,right,open,-1,13.54955992,20.69299398,19.4,32
993,Horst,HOU,SJ,42501,3.1,23.3,0,cross,header,set-piece,-2,70.4002328,3.635931793,3.1,26.7
994,Quintero,SJ,HOU,42501,5,23.3,1,cross,right,open,0,50.89950476,5.348831648,5,26.7
995,Alashe,SJ,HOU,42501,25.2,20.4,0,pass,right,open,1,11.40762339,25.65306999,25.2,29.6
996,Sarkodie,SJ,HOU,42501,1.4,19.7,0,cross,right,open,0,17.35822685,5.675385449,1.4,30.3
997,Godoy,SJ,HOU,42501,8.3,29.5,1,pass,left,open,0,27.65065312,9.347726996,8.3,20.5
998,Godoy,SJ,HOU,42501,17.5,21.1,0,other,left,open,1,16.12798068,17.97386992,17.5,28.9
999,Quintero,SJ,HOU,42501,9,26.2,1,pass,right,open,1,31.73236622,9.055385138,9,23.8
1000,Dawkins,SJ,HOU,42501,20.1,18.6,0,self,right,set-piece,2,13.41529821,21.15585025,20.1,31.4
1001,Barrett,SJ,HOU,42501,4.7,32.5,0,pass,left,open,2,18.85176,8.682165628,4.7,17.5
1002,Igbonanike,CHI,VAN,42501,8.9,27.3,0,pass,left,open,0,30.76608829,9.144397192,8.9,22.7
1003,Calistri,CHI,VAN,42501,9.4,24.3,0,pass,right,open,-1,30.77143087,9.442986816,9.4,25.7
1004,Igbonanike,CHI,VAN,42501,14.7,15.2,1,self,left,open,-1,14.05345975,17.7789201,14.7,34.8
1005,Alvarez,CHI,VAN,42501,13.8,20.2,0,self,left,open,0,19.14374009,14.67787451,13.8,29.8
1006,Igbonanike,CHI,VAN,42501,2.3,32.5,0,pass,left,open,0,12.31600276,7.653757247,2.3,17.5
1007,Waston,VAN,CHI,42501,5.9,28.3,0,cross,header,open,0,38.23382518,6.664833081,5.9,21.7
1008,Mezquida,VAN,CHI,42501,4.9,23.9,0,cross,right,open,0,54.0770538,5.069516742,4.9,26.1
1009,Morales,VAN,CHI,42501,24,31.3,0,pass,right,open,0,11.58235857,24.76307735,24,18.7
1010,Perez,VAN,CHI,42501,3.2,27.3,1,cross,right,open,0,62.20882921,3.827531842,3.2,22.7
1011,Bolanos,VAN,CHI,42501,1.1,20.2,0,cross,right,open,1,18.1100235,5.119570294,1.1,29.8
1012,Parker,VAN,CHI,42501,4.6,27.1,0,cross,header,set-piece,1,51.81950781,4.976946855,4.6,22.9
1013,Morales,VAN,CHI,42501,22,21.6,0,pass,right,open,1,13.17255342,22.29259967,22,28.4
1014,Laba,VAN,CHI,42501,21.9,20.8,0,pass,right,open,0,13.07111904,22.3376364,21.9,29.2
1015,Morales,VAN,CHI,42501,26,33.3,0,other,right,open,0,10.37955781,27.23251733,26,16.7
1016,Techera,VAN,CHI,42501,8.9,22.7,0,cross,header,open,0,30.76608829,9.244457799,8.9,27.3
1017,Perez,VAN,CHI,42501,6,24.1,1,other,right,open,0,46.07563111,6.1,6,25.9
1018,Espinoza,SKC,CO,42501,16.2,34.2,0,self,left,open,0,13.90306408,18.53213425,16.2,15.8
1019,Dwyer,SKC,CO,42501,16.7,32.8,0,pass,left,set-piece,-1,14.61737152,18.34802442,16.7,17.2
1020,Burling,CO,SKC,42501,10.1,29.4,0,other,left,open,0,24.61960547,10.93846424,10.1,20.6
1021,Jones,CO,SKC,42501,3.7,25.3,0,other,right,open,0,69.95475057,3.701351105,3.7,24.7
1022,Solignac,CO,SKC,42501,3.3,37.3,0,self,right,open,0,6.300536213,12.54192968,3.3,12.7
1023,Serna,CO,SKC,42501,18.6,27.1,1,self,left,open,0,15.72095068,18.69679117,18.6,22.9
1024,Rogers,LA,PHI,42501,7.5,16.7,1,pass,left,open,-1,18.23434028,11.33578405,7.5,33.3
1025,Magee,LA,PHI,42501,7.3,33.2,1,pass,left,open,0,18.45156637,10.83005078,7.3,16.8
1026,Nogueira,PHI,LA,42501,9,25.9,1,self,left,open,0,31.94701624,9.027181177,9,24.1
1027,Fabinho,PHI,LA,42501,23.4,33.6,0,other,left,open,0,11.19589619,24.86201923,23.4,16.4
1028,Pontius,PHI,LA,42501,5.1,23.5,0,cross,header,set-piece,0,50.96801031,5.375872022,5.1,26.5
1029,Rosenberry,PHI,LA,42501,1.5,24.4,1,other,right,open,0,118.0152675,1.7,1.5,25.6
1030,Rosenberry,PHI,LA,42501,7.5,19.7,0,other,left,open,0,26.68899117,9.300537619,7.5,30.3
1031,Kljestan,NYRB,DC,42503,21.4,30.2,0,self,right,set-piece,0,13.09887097,21.97635093,21.4,19.8
1032,B. Wright-Phillips,NYRB,DC,42503,5.6,26.8,0,other,right,open,0,46.28732894,5.824087911,5.6,23.2
1033,McCarty,NYRB,DC,42503,6.9,23.5,0,cross,header,open,-1,39.77679239,7.106335202,6.9,26.5
1034,Martins,NYRB,DC,42503,8.9,24.7,0,other,left,open,-1,32.53758366,8.914033879,8.9,25.3
1035,B. Wright-Phillips,NYRB,DC,42503,6.7,33.9,0,pass,right,open,-2,16.5369413,10.9808925,6.7,16.1
1036,Saborio,DC,NYRB,42503,4.2,27.4,1,pass,right,open,0,52.69605172,4.741307836,4.2,22.6
1037,Nyarko,DC,NYRB,42503,3.8,29.1,1,cross,right,open,1,38.89866962,5.445181356,3.8,20.9
1038,Acosta,DC,NYRB,42503,8.5,23.4,0,other,right,open,2,33.00462688,8.688498144,8.5,26.6
1039,Buescher,DC,NYRB,42503,14.1,22.2,0,other,right,open,2,20.14312514,14.41561653,14.1,27.8
1040,Jones,SEA,DAL,42504,10.8,32.8,0,pass,right,open,-1,18.20912203,13.20605922,10.8,17.2
1041,Morris,SEA,DAL,42504,5.2,25,0,cross,header,open,-1,53.13010235,5.203844733,5.2,25
1042,Dempsey,SEA,DAL,42504,19.6,26.8,0,pass,left,open,-1,14.98986236,19.66519769,19.6,23.2
1043,Hollingshead,DAL,SEA,42504,6.8,26.8,0,cross,header,set-piece,0,39.61507973,6.985699679,6.8,23.2
1045,Barrios,DAL,SEA,42504,8.3,23.3,0,pass,right,open,1,33.57603812,8.514693183,8.3,26.7
1046,Barrios,DAL,SEA,42504,9.1,17.8,1,pass,right,open,1,20.30474955,11.72902383,9.1,32.2
1047,K. Kamara,NE,CHI,42504,9.4,22.4,0,pass,right,open,0,28.95099521,9.808159868,9.4,27.6
1048,K. Kamara,NE,CHI,42504,5.7,33.7,0,pass,left,open,0,16.29100469,10.2342562,5.7,16.3
1049,Nguyen,NE,CHI,42504,6.6,33.3,1,pass,right,open,1,17.98981854,10.44844486,6.6,16.7
1050,K. Kamara,NE,CHI,42504,4.5,24.9,0,pass,right,open,1,60.01836063,4.509988914,4.5,25.1
1051,K. Kamara,NE,CHI,42504,9,23.4,0,cross,header,set-piece,1,31.35708522,9.178235124,9,26.6
1052,Agudelo,NE,CHI,42504,7,31.8,0,pass,right,open,1,22.3618938,9.620810777,7,18.2
1053,Femi,NE,CHI,42504,7.9,23.7,1,cross,header,open,1,35.61888406,8.041144197,7.9,26.3
1054,Manneh,VAN,TOR,42504,9.2,31.6,1,self,left,open,0,21.50143432,11.20714058,9.2,18.4
1055,Manneh,VAN,TOR,42504,9.1,18.9,0,pass,right,open,1,22.67516003,11.06797181,9.1,31.1
1056,Bolanos,VAN,TOR,42504,9.8,16.1,1,other,right,open,1,16.82800348,13.37348122,9.8,33.9
1057,Manneh,VAN,TOR,42504,8.2,35.3,1,self,left,open,0,14.35871673,13.00961183,8.2,14.7
1058,Morales,VAN,TOR,42504,46.9,31,0,pass,right,open,1,6.244442682,47.25727457,46.9,19
1059,Morales,VAN,TOR,42504,6.4,34,1,pass,right,open,1,16.11341823,10.88117641,6.4,16
1060,Giovinco,TOR,VAN,42504,9.7,18.8,0,pass,right,open,-2,21.8532303,11.6211015,9.7,31.2
1061,Altidore,TOR,VAN,42504,9.9,25,0,self,right,set-piece,-2,29.4301433,9.902019996,9.9,25
1062,Giovinco,TOR,VAN,42504,10.9,22.8,1,self,left,open,-2,25.86876203,11.16109314,10.9,27.2
1063,Giovinco,TOR,VAN,42504,22.6,30.9,0,self,right,set-piece,-1,12.30410318,23.30772404,22.6,19.1
1064,Giovinco,TOR,VAN,42504,7.7,24.3,1,pass,left,open,-1,37.05961808,7.752418977,7.7,25.7
1065,Giovinco,TOR,VAN,42504,8.8,14.5,0,pass,right,open,0,14.19335449,13.85388032,8.8,35.5
1066,Moor,TOR,VAN,42504,4.6,22.4,1,cross,header,set-piece,-2,48.50353164,5.385164807,4.6,27.6
1067,Moor,TOR,VAN,42504,5.9,24.4,0,other,right,open,-2,47.19999146,5.953990259,5.9,25.6
1068,Gashi,CO,COL,42504,20.1,20.7,0,self,left,set-piece,0,14.11209838,20.59757267,20.1,29.3
1069,Gashi,CO,COL,42504,15.6,29.2,0,other,right,open,-1,17.69625009,16.10465771,15.6,20.8
1070,Doyle,CO,COL,42504,4.3,25.2,1,cross,header,set-piece,-1,62.2382912,4.3,4.3,24.8
1071,Gashi,CO,COL,42504,19.1,33.3,0,pass,right,open,0,13.09591972,20.74656598,19.1,16.7
1072,Doyle,CO,COL,42504,22.4,31.1,0,pass,left,open,0,12.34515522,23.16398066,22.4,18.9
1073,Gashi,CO,COL,42504,5.6,28.8,0,other,right,open,0,36.71931776,6.657326791,5.6,21.2
1074,Gashi,CO,COL,42504,20.9,15.3,0,self,left,open,0,11.71423616,23.12617565,20.9,34.7
1075,Azira,CO,COL,42504,15.2,18.4,0,other,right,open,0,16.44141182,16.65172664,15.2,31.6
1076,Afful,COL,CO,42504,5.7,21,0,cross,right,open,0,35.38543073,7.080254233,5.7,29
1077,Cedrick,COL,CO,42504,11.3,23,1,pass,right,open,0,25.1896375,11.51216748,11.3,27
1078,O. K. Kamara,COL,CO,42504,19.1,18.6,0,self,right,open,0,13.97777703,20.20816667,19.1,31.4
1079,Meram,COL,CO,42504,12.5,33.6,0,self,right,open,0,16.21933403,15.06021248,12.5,16.4
1080,O. K. Kamara,COL,CO,42504,7.2,23.8,0,cross,header,open,0,38.82763724,7.334848328,7.2,26.2
1081,Afful,COL,CO,42504,17.3,9.7,0,self,right,open,0,9.693995,23.22800034,17.3,40.3
1082,Sapong,PHI,MTL,42504,1.7,26.8,1,pass,right,open,-1,94.0764045,2.334523506,1.7,23.2
1083,Gaddis,PHI,MTL,42504,15.8,36.5,0,self,right,open,0,12.3537081,19.42498391,15.8,13.5
1084,Nogueira,PHI,MTL,42504,5.7,16.8,0,cross,right,open,0,17.68293268,10.15135459,5.7,33.2
1085,Herbers,PHI,MTL,42504,6.5,32.5,0,pass,left,open,0,20.22543828,9.774456507,6.5,17.5
1086,Drogba,MTL,PHI,42504,14.4,26.3,1,other,right,set-piece,0,20.31261983,14.44195278,14.4,23.7
1087,Piatti,MTL,PHI,42504,12.6,27.3,0,self,left,open,1,22.61443304,12.77380131,12.6,22.7
1088,Piatti,MTL,PHI,42504,9.3,31.9,0,pass,left,open,1,20.79530959,11.4621115,9.3,18.1
1089,Drogba,MTL,PHI,42504,15.9,10.9,0,self,right,set-piece,0,10.52864547,21.38457388,15.9,39.1
1090,Drogba,MTL,PHI,42504,5.9,22.9,0,cross,header,set-piece,0,43.385184,6.33245608,5.9,27.1
1091,Oyongo,MTL,PHI,42504,20.7,20.2,0,pass,left,open,0,13.60472335,21.29530465,20.7,29.8
1092,Oyongo,MTL,PHI,42504,20.8,20.1,0,other,left,open,0,13.51817726,21.41611543,20.8,29.9
1093,Ontivero,MTL,PHI,42504,27.2,33.6,0,pass,left,open,0,9.940573033,28.46752536,27.2,16.4
1094,Plata,RSL,HOU,42505,0,49.7,0,self,right,set-piece,0,0,24.5,0,0.3
1095,Barnes,HOU,RSL,42505,10.7,22.3,0,pass,right,open,0,25.81500226,11.08602724,10.7,27.7
1096,Horst,HOU,RSL,42505,4.2,25.4,0,cross,header,set-piece,0,63.18365316,4.204759208,4.2,24.6
1097,Clark,HOU,RSL,42505,5.1,30,0,cross,header,set-piece,0,30.93518579,7.003570518,5.1,20
1098,Barnes,HOU,RSL,42505,4.6,29.6,1,pass,right,open,0,33.92737719,6.365532185,4.6,20.4
1099,Barnes,HOU,RSL,42505,17.4,32.5,0,self,left,open,1,14.40573323,18.86928721,17.4,17.5
1100,Villa,NYCFC,POR,42505,9.7,27.5,1,pass,right,open,0,28.32484772,9.9689518,9.7,22.5
1101,McNamara,NYCFC,POR,42505,9.6,29.3,0,other,right,open,1,25.66466777,10.43886967,9.6,20.7
1102,Brillant,NYCFC,POR,42505,5.7,31.8,0,cross,header,set-piece,1,22.38373864,8.720665112,5.7,18.2
1103,Villa,NYCFC,POR,42505,9.5,34.4,0,self,right,open,0,16.03782612,13.22459829,9.5,15.6
1104,McNamara,NYCFC,POR,42505,18.4,29.5,1,pass,right,open,0,15.20456674,18.89576672,18.4,20.5
1105,Villa,NYCFC,POR,42505,7.3,16.8,0,self,right,open,1,18.45156637,11.12879149,7.3,33.2
1106,Valeri,POR,NYCFC,42505,9.3,26,0,other,left,open,0,30.92303459,9.334345183,9.3,24
1107,Taylor,POR,NYCFC,42505,6.9,27.7,0,cross,header,set-piece,-1,36.69812534,7.338937253,6.9,22.3
1108,Nagbe,POR,NYCFC,42505,9.2,32,0,pass,right,open,-1,20.65891006,11.44027972,9.2,18
1109,Melano,POR,NYCFC,42505,6.4,12.2,0,pass,right,open,-1,9.539246877,14.48999655,6.4,37.8
1110,Valeri,POR,NYCFC,42505,15.1,28.5,0,other,right,open,-1,18.58645845,15.45639026,15.1,21.5
1111,Adi,POR,NYCFC,42505,7.3,28.5,0,cross,header,open,-1,32.85428891,8.011242101,7.3,21.5
1112,Nagbe,POR,NYCFC,42505,9.2,23.3,0,pass,right,open,-1,30.63822178,9.394147114,9.2,26.7
1113,Adi,POR,NYCFC,42505,5.8,27.5,0,cross,right,open,-1,42.31326088,6.239390996,5.8,22.5
1114,Adi,POR,NYCFC,42505,11.4,30.4,1,self,right,open,-1,21.25994157,12.52996409,11.4,19.6
1115,Valeri,POR,NYCFC,42505,19.9,28.6,0,self,right,open,-1,14.42806458,20.18836298,19.9,21.4
1116,Zusi,SKC,OCSC,42505,15.3,31.4,0,other,right,open,0,16.51744874,16.50848267,15.3,18.6
1117,Davis,SKC,OCSC,42505,18.1,17.6,0,pass,left,open,0,14.06746517,19.63084308,18.1,32.4
1118,Davis,SKC,OCSC,42505,20.4,17.1,0,self,left,open,0,12.67145411,21.94925967,20.4,32.9
1119,Davis,SKC,OCSC,42505,9.8,17.2,0,self,right,open,0,18.75038558,12.65069168,9.8,32.8
1120,Dwyer,SKC,OCSC,42505,9.2,23.7,0,pass,left,open,0,31.01561556,9.321480569,9.2,26.3
1121,Zusi,SKC,OCSC,42505,14.8,22.7,0,pass,right,open,0,19.47997227,15.00966355,14.8,27.3
1122,Dwyer,SKC,OCSC,42505,7,30.2,0,cross,right,open,0,27.71762285,8.602325267,7,19.8
1123,Abdul-Salaam,SKC,OCSC,42505,4.5,22,0,cross,header,set-piece,0,46.13602804,5.521775077,4.5,28
1124,Espinoza,SKC,OCSC,42505,7.1,27.8,0,cross,header,open,0,35.64175052,7.561084578,7.1,22.2
1125,Dwyer,SKC,OCSC,42505,7.2,23.6,0,cross,right,open,0,38.51692631,7.375635566,7.2,26.4
1126,Feilhaber,SKC,OCSC,42505,9.6,22.8,0,cross,header,open,0,28.95099521,9.895453501,9.6,27.2
1127,Espinoza,SKC,OCSC,42505,5,23.6,0,cross,header,set-piece,0,52.15554153,5.249761899,5,26.4
1128,Dwyer,SKC,OCSC,42505,5.2,27.5,1,pass,header,open,-1,45.54545389,5.68594759,5.2,22.5
1129,Peterson,SKC,OCSC,42505,5.1,27.8,1,cross,header,open,0,44.39083448,5.724508713,5.1,22.2
1130,Accam,CHI,NYRB,42508,33,20.8,0,pass,right,open,0,8.86762805,33.29204109,33,29.2
1131,Calistri,CHI,NYRB,42508,18.9,15.9,0,self,left,open,-1,12.78060033,21.06418762,18.9,34.1
1132,Grella,NYRB,CHI,42508,16.5,30.9,1,pass,right,open,0,15.9453959,17.45680383,16.5,19.1
1133,Poku,NYCFC,TOR,42508,8.4,38.3,1,other,right,open,0,10.28599194,15.56181223,8.4,11.7
1134,Diskerud,NYCFC,TOR,42508,20.5,28.4,0,other,right,open,1,14.07905357,20.74825294,20.5,21.6
1135,Mendoza,NYCFC,TOR,42508,9.1,25.5,0,cross,header,set-piece,0,31.80650609,9.104943712,9.1,24.5
1136,Mullins,NYCFC,TOR,42508,4.6,23.6,0,pass,right,open,0,55.62996089,4.870318265,4.6,26.4
1137,Giovinco,TOR,NYCFC,42508,9.6,20,0,pass,right,open,0,24.33124192,10.91787525,9.6,30
1138,Johnson,TOR,NYCFC,42508,1.4,25.9,1,pass,right,open,-1,118.7261307,1.565247584,1.4,24.1
1139,Giovinco,TOR,NYCFC,42508,18.3,29.2,0,self,right,set-piece,0,15.38753513,18.73205808,18.3,20.8
1140,Johnson,TOR,NYCFC,42508,9,28.9,0,cross,right,open,0,27.61844371,9.730878686,9,21.1
1141,Giovinco,TOR,NYCFC,42508,18.1,27,0,pass,right,open,0,16.15808502,18.18928256,18.1,23
1142,Chapman,TOR,NYCFC,42508,5,19.6,0,other,right,open,0,28.74579046,7.507329752,5,30.4
